zone_id,state,district,mining_belt,formation,latitude,longitude,elevation_m,rainfall_mm,soil_moisture,ndvi,sentinel2_ferrous_index,sentinel2_clay_index,land_surface_temperature,geological_score,ore_grade_percent,historical_production_tonnes,predicted_production_tonnes,production_shortfall_tonnes,production_gap_percent,predicted_manganese_reserve_tonnes,prospectivity_score,confidence_score,equipment_efficiency,risk_level
MN-IND-0001,Madhya Pradesh,Balaghat,Sausar Group (Balaghat Belt),Gondite / Sausar Metasediments,21.84974,80.16894,537.8,888.5,0.27,0.411,1.373,1.285,28.89,0.549,44.15,25606.0,25821.0,0.0,0.0,493761.0,0.6281,81.4,0.799,Low
MN-IND-0002,Madhya Pradesh,Balaghat,Sausar Group (Balaghat Belt),Gondite / Sausar Metasediments,21.8758,80.08233,335.4,1395.6,0.246,0.228,1.707,1.571,36.29,0.976,45.97,33502.0,35055.0,0.0,0.0,582258.0,0.888,97.2,0.888,Low
MN-IND-0003,Madhya Pradesh,Balaghat,Sausar Group (Balaghat Belt),Gondite / Sausar Metasediments,21.83893,80.12839,333.5,1450.0,0.342,0.3,1.393,1.267,34.31,0.676,47.81,25084.0,25623.0,0.0,0.0,529182.0,0.7029,88.5,0.84,Low
MN-IND-0004,Madhya Pradesh,Balaghat,Sausar Group (Balaghat Belt),Gondite / Sausar Metasediments,21.81041,80.16123,452.9,1131.8,0.39,0.279,1.601,1.189,33.71,0.844,48.6,33292.0,32281.0,1011.0,3.04,552431.0,0.7831,98.1,0.661,Medium
MN-IND-0005,Madhya Pradesh,Balaghat,Sausar Group (Balaghat Belt),Gondite / Sausar Metasediments,21.73076,80.1347,392.1,1487.4,0.293,0.42,1.602,1.224,32.0,0.78,48.84,11366.0,10982.0,384.0,3.38,554914.0,0.7385,87.9,0.711,Medium
MN-IND-0006,Madhya Pradesh,Balaghat,Sausar Group (Balaghat Belt),Gondite / Sausar Metasediments,21.95926,80.21791,561.2,1128.7,0.34,0.477,1.467,1.342,30.68,0.593,44.49,45133.0,45968.0,0.0,0.0,519389.0,0.6541,84.7,0.792,Low
MN-IND-0007,Madhya Pradesh,Balaghat,Sausar Group (Balaghat Belt),Gondite / Sausar Metasediments,21.74226,80.05881,432.8,1441.3,0.264,0.388,1.618,1.538,30.61,0.802,49.15,11759.0,11341.0,418.0,3.55,575890.0,0.7759,91.1,0.847,Low
MN-IND-0008,Madhya Pradesh,Balaghat,Sausar Group (Balaghat Belt),Gondite / Sausar Metasediments,21.99517,80.03062,451.8,1435.1,0.335,0.45,1.534,1.415,32.83,0.927,46.75,36584.0,36100.0,484.0,1.32,556772.0,0.7947,96.0,0.873,Low
MN-IND-0009,Madhya Pradesh,Balaghat,Sausar Group (Balaghat Belt),Gondite / Sausar Metasediments,21.97977,80.2626,433.7,1541.5,0.27,0.451,1.324,1.383,29.9,0.565,43.75,33732.0,34387.0,0.0,0.0,508741.0,0.6321,78.7,0.779,Low
MN-IND-0010,Madhya Pradesh,Balaghat,Sausar Group (Balaghat Belt),Gondite / Sausar Metasediments,21.79786,80.22707,435.8,1048.7,0.319,0.414,1.538,1.388,33.95,0.891,49.5,43821.0,42256.0,1565.0,3.57,570280.0,0.7884,92.3,0.677,Medium
MN-IND-0011,Madhya Pradesh,Balaghat,Sausar Group (Balaghat Belt),Gondite / Sausar Metasediments,21.81776,80.22761,364.2,1341.9,0.267,0.371,1.502,1.313,32.74,0.637,46.99,30336.0,31787.0,0.0,0.0,525204.0,0.6924,86.6,0.81,Low
MN-IND-0012,Madhya Pradesh,Balaghat,Sausar Group (Balaghat Belt),Gondite / Sausar Metasediments,21.80848,80.0998,374.5,1202.0,0.279,0.463,1.57,1.33,31.49,0.646,47.18,15525.0,12759.0,2766.0,17.82,515358.0,0.6889,84.8,0.747,Medium
MN-IND-0013,Madhya Pradesh,Balaghat,Sausar Group (Balaghat Belt),Gondite / Sausar Metasediments,21.74927,80.19203,508.3,1407.6,0.258,0.459,1.553,1.441,31.39,0.705,46.14,45791.0,45525.0,266.0,0.58,536587.0,0.7169,89.7,0.799,Low
MN-IND-0014,Madhya Pradesh,Balaghat,Sausar Group (Balaghat Belt),Gondite / Sausar Metasediments,21.72459,80.16861,508.2,1093.2,0.323,0.406,1.404,1.297,32.89,0.754,47.8,32883.0,29487.0,3396.0,10.33,539686.0,0.7148,89.4,0.685,Medium
MN-IND-0015,Madhya Pradesh,Balaghat,Sausar Group (Balaghat Belt),Gondite / Sausar Metasediments,21.84073,80.17738,329.6,1073.6,0.331,0.529,1.182,1.211,32.78,0.517,44.51,37930.0,38381.0,0.0,0.0,476829.0,0.5785,80.9,0.843,Low
MN-IND-0016,Madhya Pradesh,Balaghat,Sausar Group (Balaghat Belt),Gondite / Sausar Metasediments,21.788,79.99585,363.4,1118.3,0.337,0.496,1.359,1.013,30.12,0.446,41.21,13103.0,11548.0,1555.0,11.87,473435.0,0.5577,77.1,0.691,Medium
MN-IND-0017,Madhya Pradesh,Balaghat,Sausar Group (Balaghat Belt),Gondite / Sausar Metasediments,21.88409,80.33275,415.3,1240.1,0.276,0.387,1.305,1.153,31.24,0.563,45.77,17696.0,18152.0,0.0,0.0,472387.0,0.6226,82.4,0.797,Low
MN-IND-0018,Madhya Pradesh,Balaghat,Sausar Group (Balaghat Belt),Gondite / Sausar Metasediments,21.86109,80.04708,425.6,1325.2,0.395,0.473,1.434,1.407,30.62,0.758,45.69,43088.0,43889.0,0.0,0.0,564896.0,0.7138,87.7,0.745,Low
MN-IND-0019,Madhya Pradesh,Balaghat,Sausar Group (Balaghat Belt),Gondite / Sausar Metasediments,21.64695,80.09935,361.1,1141.1,0.364,0.512,1.35,1.301,34.19,0.599,47.2,41858.0,40801.0,1057.0,2.53,501881.0,0.6413,81.8,0.739,Medium
MN-IND-0020,Madhya Pradesh,Balaghat,Sausar Group (Balaghat Belt),Gondite / Sausar Metasediments,21.77446,80.21018,369.1,1430.9,0.361,0.262,1.398,1.435,36.9,0.867,45.06,41556.0,43293.0,0.0,0.0,561816.0,0.7965,95.2,0.896,Low
MN-IND-0021,Madhya Pradesh,Balaghat,Sausar Group (Balaghat Belt),Gondite / Sausar Metasediments,21.6746,80.30236,352.8,1170.4,0.335,0.381,1.574,1.068,36.29,0.715,43.95,47875.0,51993.0,0.0,0.0,514043.0,0.7152,89.0,0.827,Low
MN-IND-0022,Madhya Pradesh,Balaghat,Sausar Group (Balaghat Belt),Gondite / Sausar Metasediments,21.81111,80.17807,465.7,1132.4,0.203,0.544,1.705,1.124,27.5,0.621,43.46,17527.0,17249.0,278.0,1.59,515293.0,0.6579,83.8,0.78,Low
MN-IND-0023,Madhya Pradesh,Balaghat,Sausar Group (Balaghat Belt),Gondite / Sausar Metasediments,21.86688,80.21554,636.4,1282.5,0.339,0.342,1.176,1.393,34.48,0.595,48.33,29028.0,28733.0,295.0,1.02,513265.0,0.6522,83.9,0.806,Low
MN-IND-0024,Madhya Pradesh,Balaghat,Sausar Group (Balaghat Belt),Gondite / Sausar Metasediments,21.82567,80.10173,322.2,1357.5,0.382,0.31,1.688,1.476,30.96,0.742,49.5,18491.0,18223.0,268.0,1.45,573855.0,0.7709,89.8,0.83,Low
MN-IND-0025,Madhya Pradesh,Balaghat,Sausar Group (Balaghat Belt),Gondite / Sausar Metasediments,22.01481,80.17232,230.9,1235.5,0.263,0.219,1.837,1.408,36.19,0.876,49.5,47507.0,49236.0,0.0,0.0,570868.0,0.8567,92.3,0.836,Low
MN-IND-0026,Madhya Pradesh,Balaghat,Sausar Group (Balaghat Belt),Gondite / Sausar Metasediments,21.83173,80.07786,305.8,859.2,0.327,0.347,1.643,1.324,32.3,0.759,43.84,39951.0,39851.0,100.0,0.25,561965.0,0.7564,94.4,0.808,Low
MN-IND-0027,Madhya Pradesh,Balaghat,Sausar Group (Balaghat Belt),Gondite / Sausar Metasediments,21.99391,80.15097,300.2,1214.5,0.257,0.374,1.31,1.11,33.48,0.558,46.13,15458.0,15387.0,71.0,0.46,493158.0,0.625,88.7,0.879,Low
MN-IND-0028,Madhya Pradesh,Balaghat,Sausar Group (Balaghat Belt),Gondite / Sausar Metasediments,21.92364,80.13434,332.4,1250.3,0.331,0.375,1.658,1.31,32.22,0.594,45.69,31696.0,30234.0,1462.0,4.61,544447.0,0.6949,89.1,0.716,Medium
MN-IND-0029,Madhya Pradesh,Balaghat,Sausar Group (Balaghat Belt),Gondite / Sausar Metasediments,21.86455,80.32774,441.4,1274.8,0.284,0.38,1.658,1.492,34.26,0.887,49.05,29651.0,28718.0,933.0,3.15,582967.0,0.8166,93.8,0.716,Medium
MN-IND-0030,Madhya Pradesh,Balaghat,Sausar Group (Balaghat Belt),Gondite / Sausar Metasediments,21.85863,80.19493,494.3,1205.8,0.328,0.407,1.151,1.306,33.5,0.585,45.5,18930.0,20016.0,0.0,0.0,491755.0,0.6261,85.2,0.815,Low
MN-IND-0031,Madhya Pradesh,Balaghat,Sausar Group (Balaghat Belt),Gondite / Sausar Metasediments,21.95773,80.09439,451.4,1347.3,0.294,0.36,1.491,1.325,35.35,0.845,45.38,27664.0,28437.0,0.0,0.0,582468.0,0.7729,90.1,0.829,Low
MN-IND-0032,Madhya Pradesh,Balaghat,Sausar Group (Balaghat Belt),Gondite / Sausar Metasediments,21.87725,80.12779,515.5,1346.7,0.293,0.454,1.833,1.307,32.27,0.795,48.45,45448.0,44564.0,884.0,1.95,576602.0,0.7751,88.1,0.731,Medium
MN-IND-0033,Madhya Pradesh,Balaghat,Sausar Group (Balaghat Belt),Gondite / Sausar Metasediments,21.86586,80.21148,442.2,1245.1,0.288,0.419,1.405,1.324,33.04,0.613,43.75,37087.0,37056.0,31.0,0.08,486783.0,0.6665,90.8,0.812,Low
MN-IND-0034,Madhya Pradesh,Balaghat,Sausar Group (Balaghat Belt),Gondite / Sausar Metasediments,21.71194,80.06285,487.4,1134.7,0.261,0.474,1.253,1.223,34.97,0.687,41.44,18325.0,17116.0,1209.0,6.6,488125.0,0.6611,90.7,0.821,Low
MN-IND-0035,Madhya Pradesh,Balaghat,Sausar Group (Balaghat Belt),Gondite / Sausar Metasediments,21.77258,80.20772,407.7,1377.4,0.292,0.414,1.14,1.256,34.39,0.615,44.75,28289.0,28324.0,0.0,0.0,499660.0,0.632,87.1,0.693,Medium
MN-IND-0036,Madhya Pradesh,Balaghat,Sausar Group (Balaghat Belt),Gondite / Sausar Metasediments,21.88984,79.9483,308.2,1247.9,0.28,0.412,1.382,1.385,33.14,0.744,44.14,9928.0,10105.0,0.0,0.0,519877.0,0.7156,90.2,0.836,Low
MN-IND-0037,Madhya Pradesh,Balaghat,Sausar Group (Balaghat Belt),Gondite / Sausar Metasediments,21.83571,80.21375,359.6,1161.0,0.328,0.457,1.599,1.359,32.6,0.717,41.75,21650.0,21297.0,353.0,1.63,563333.0,0.723,83.2,0.914,Low
MN-IND-0038,Madhya Pradesh,Balaghat (Bharveli),Bharveli Deep Underground,Manganese Ore Bedding (MOIL Core),21.95181,80.42518,554.2,1408.7,0.379,0.322,1.585,1.465,33.23,0.894,47.64,18263.0,18740.0,0.0,0.0,703905.0,0.814,94.8,0.848,Low
MN-IND-0039,Madhya Pradesh,Balaghat (Bharveli),Bharveli Deep Underground,Manganese Ore Bedding (MOIL Core),21.88791,80.33913,502.4,1328.8,0.297,0.386,1.561,1.448,31.53,0.869,48.46,29868.0,29535.0,333.0,1.11,686693.0,0.7872,88.4,0.804,Low
MN-IND-0040,Madhya Pradesh,Balaghat (Bharveli),Bharveli Deep Underground,Manganese Ore Bedding (MOIL Core),21.86294,80.43638,352.0,1352.5,0.342,0.287,1.469,1.213,31.67,0.666,44.65,10406.0,10361.0,45.0,0.43,645489.0,0.7001,87.6,0.621,Medium
MN-IND-0041,Madhya Pradesh,Balaghat (Bharveli),Bharveli Deep Underground,Manganese Ore Bedding (MOIL Core),21.9131,80.15635,354.2,1285.6,0.22,0.294,1.774,1.305,33.93,0.896,49.5,28627.0,29917.0,0.0,0.0,679223.0,0.8307,95.5,0.88,Low
MN-IND-0042,Madhya Pradesh,Balaghat (Bharveli),Bharveli Deep Underground,Manganese Ore Bedding (MOIL Core),21.87655,80.22209,450.7,1110.9,0.285,0.249,1.538,1.388,33.99,0.873,48.47,25300.0,24679.0,621.0,2.45,706003.0,0.8071,86.0,0.716,Medium
MN-IND-0043,Madhya Pradesh,Balaghat (Bharveli),Bharveli Deep Underground,Manganese Ore Bedding (MOIL Core),21.79485,80.21847,406.5,1631.6,0.309,0.415,1.252,1.174,32.08,0.543,45.12,37345.0,35038.0,2307.0,6.18,571374.0,0.6086,76.6,0.889,High
MN-IND-0044,Madhya Pradesh,Balaghat (Bharveli),Bharveli Deep Underground,Manganese Ore Bedding (MOIL Core),21.8263,80.26134,508.3,1117.9,0.357,0.212,1.424,1.36,32.44,0.804,45.47,43805.0,42789.0,1016.0,2.32,663467.0,0.7682,94.6,0.644,Medium
MN-IND-0045,Madhya Pradesh,Balaghat (Bharveli),Bharveli Deep Underground,Manganese Ore Bedding (MOIL Core),21.87256,80.16973,371.8,1179.0,0.303,0.356,1.454,1.214,31.84,0.656,44.39,29212.0,27087.0,2125.0,7.27,639999.0,0.6851,90.5,0.673,Medium
MN-IND-0046,Madhya Pradesh,Balaghat (Bharveli),Bharveli Deep Underground,Manganese Ore Bedding (MOIL Core),21.87456,80.25149,503.9,1241.9,0.29,0.374,1.489,1.236,32.57,0.652,47.93,47387.0,46579.0,808.0,1.71,641011.0,0.6889,89.9,0.745,Low
MN-IND-0047,Madhya Pradesh,Balaghat (Bharveli),Bharveli Deep Underground,Manganese Ore Bedding (MOIL Core),21.91623,80.23244,266.7,1459.6,0.313,0.28,1.627,1.314,33.48,0.654,47.33,30169.0,26764.0,3405.0,11.29,637784.0,0.7295,85.6,0.676,Medium
MN-IND-0048,Madhya Pradesh,Balaghat (Bharveli),Bharveli Deep Underground,Manganese Ore Bedding (MOIL Core),21.80437,80.16463,470.7,1369.4,0.224,0.543,1.486,1.063,34.74,0.593,45.1,25608.0,24333.0,1275.0,4.98,603121.0,0.6331,81.8,0.76,Low
MN-IND-0049,Madhya Pradesh,Balaghat (Bharveli),Bharveli Deep Underground,Manganese Ore Bedding (MOIL Core),21.85918,80.2684,369.2,1340.4,0.252,0.277,1.799,1.37,32.81,0.846,47.87,37118.0,39296.0,0.0,0.0,660160.0,0.8217,94.3,0.921,Low
MN-IND-0050,Madhya Pradesh,Balaghat (Bharveli),Bharveli Deep Underground,Manganese Ore Bedding (MOIL Core),21.93225,80.25838,371.3,956.2,0.297,0.454,1.458,1.15,34.2,0.514,45.94,18261.0,18445.0,0.0,0.0,589622.0,0.6212,79.3,0.717,Medium
MN-IND-0051,Madhya Pradesh,Balaghat (Bharveli),Bharveli Deep Underground,Manganese Ore Bedding (MOIL Core),22.06318,80.2364,496.6,1255.7,0.291,0.371,1.453,1.267,31.38,0.812,49.5,10078.0,11058.0,0.0,0.0,660733.0,0.7406,89.2,0.836,Low
MN-IND-0052,Madhya Pradesh,Balaghat (Bharveli),Bharveli Deep Underground,Manganese Ore Bedding (MOIL Core),21.82917,80.32295,288.3,1576.5,0.333,0.244,1.511,1.332,34.65,0.802,49.5,14318.0,13463.0,855.0,5.97,701331.0,0.7764,92.7,0.678,High
MN-IND-0053,Madhya Pradesh,Balaghat (Bharveli),Bharveli Deep Underground,Manganese Ore Bedding (MOIL Core),21.83578,80.20876,478.9,1185.4,0.381,0.37,1.569,1.332,33.09,0.896,49.5,15496.0,15953.0,0.0,0.0,698782.0,0.7941,98.5,0.792,Low
MN-IND-0054,Madhya Pradesh,Balaghat (Bharveli),Bharveli Deep Underground,Manganese Ore Bedding (MOIL Core),21.89806,80.20571,348.4,1315.6,0.31,0.29,1.558,1.339,32.9,0.913,49.5,14995.0,14722.0,273.0,1.82,696351.0,0.8108,91.8,0.641,Medium
MN-IND-0055,Madhya Pradesh,Balaghat (Bharveli),Bharveli Deep Underground,Manganese Ore Bedding (MOIL Core),21.9322,80.34007,454.1,1322.7,0.295,0.4,1.424,1.381,33.62,0.757,47.64,19689.0,20160.0,0.0,0.0,662574.0,0.728,92.3,0.789,Low
MN-IND-0056,Madhya Pradesh,Balaghat (Bharveli),Bharveli Deep Underground,Manganese Ore Bedding (MOIL Core),21.82786,80.28275,451.3,1074.5,0.38,0.406,1.623,1.238,34.65,0.628,46.76,28698.0,28144.0,554.0,1.93,616286.0,0.6976,90.9,0.8,Low
MN-IND-0057,Madhya Pradesh,Balaghat (Bharveli),Bharveli Deep Underground,Manganese Ore Bedding (MOIL Core),21.84184,80.30086,344.3,1292.9,0.326,0.27,1.634,1.311,34.09,0.72,46.13,16280.0,15690.0,590.0,3.62,665607.0,0.7561,91.7,0.695,Medium
MN-IND-0058,Madhya Pradesh,Balaghat (Bharveli),Bharveli Deep Underground,Manganese Ore Bedding (MOIL Core),21.8238,80.26841,277.0,972.0,0.334,0.29,1.657,1.36,32.26,0.846,49.09,26249.0,26176.0,73.0,0.28,682920.0,0.7997,96.3,0.804,Low
MN-IND-0059,Madhya Pradesh,Balaghat (Bharveli),Bharveli Deep Underground,Manganese Ore Bedding (MOIL Core),21.83073,80.27095,514.1,1280.0,0.322,0.44,1.592,1.328,30.19,0.653,45.05,34919.0,33998.0,921.0,2.64,623312.0,0.6941,86.0,0.804,Low
MN-IND-0060,Madhya Pradesh,Balaghat (Bharveli),Bharveli Deep Underground,Manganese Ore Bedding (MOIL Core),21.98467,80.27225,438.7,1108.2,0.297,0.24,1.631,1.485,31.87,0.793,46.76,47521.0,46093.0,1428.0,3.0,716468.0,0.7949,89.8,0.737,Medium
MN-IND-0061,Madhya Pradesh,Balaghat (Bharveli),Bharveli Deep Underground,Manganese Ore Bedding (MOIL Core),21.77827,80.23044,444.1,1149.9,0.331,0.526,1.464,1.279,33.19,0.721,48.29,10306.0,8903.0,1403.0,13.61,625846.0,0.692,87.7,0.698,Medium
MN-IND-0062,Madhya Pradesh,Balaghat (Bharveli),Bharveli Deep Underground,Manganese Ore Bedding (MOIL Core),21.90952,80.30691,346.6,1374.3,0.236,0.628,1.197,1.267,36.26,0.51,44.3,31549.0,30907.0,642.0,2.03,559490.0,0.5757,83.4,0.805,Low
MN-IND-0063,Madhya Pradesh,Balaghat (Bharveli),Bharveli Deep Underground,Manganese Ore Bedding (MOIL Core),21.81198,80.24924,518.1,1385.2,0.317,0.519,1.345,1.218,31.46,0.522,46.81,40177.0,38107.0,2070.0,5.15,585121.0,0.5995,81.2,0.708,Medium
MN-IND-0064,Madhya Pradesh,Balaghat (Bharveli),Bharveli Deep Underground,Manganese Ore Bedding (MOIL Core),21.93853,80.2712,383.3,1070.9,0.336,0.454,1.634,1.398,31.02,0.804,49.5,40139.0,40189.0,0.0,0.0,675823.0,0.758,89.4,0.734,Medium
MN-IND-0065,Madhya Pradesh,Balaghat (Bharveli),Bharveli Deep Underground,Manganese Ore Bedding (MOIL Core),21.92067,80.10674,365.3,1290.0,0.316,0.392,1.558,1.044,34.48,0.78,47.34,8005.0,7890.0,115.0,1.44,649568.0,0.7282,93.2,0.741,Low
MN-IND-0066,Madhya Pradesh,Balaghat (Bharveli),Bharveli Deep Underground,Manganese Ore Bedding (MOIL Core),21.78737,80.16132,267.3,1233.4,0.334,0.396,1.418,1.366,33.36,0.771,48.32,9927.0,9739.0,188.0,1.89,668818.0,0.7309,81.5,0.77,Low
MN-IND-0067,Madhya Pradesh,Balaghat (Bharveli),Bharveli Deep Underground,Manganese Ore Bedding (MOIL Core),21.87135,80.11468,349.1,989.2,0.363,0.414,1.477,1.353,34.03,0.743,48.79,12460.0,12303.0,157.0,1.26,635628.0,0.7263,84.6,0.724,Medium
MN-IND-0068,Madhya Pradesh,Balaghat (Bharveli),Bharveli Deep Underground,Manganese Ore Bedding (MOIL Core),21.77929,80.21256,425.4,1135.9,0.227,0.523,1.384,1.143,32.69,0.487,44.8,23920.0,23687.0,233.0,0.97,582286.0,0.5882,79.7,0.777,Low
MN-IND-0069,Madhya Pradesh,Balaghat (Bharveli),Bharveli Deep Underground,Manganese Ore Bedding (MOIL Core),21.80624,80.36372,559.1,1389.1,0.298,0.386,1.417,1.103,30.69,0.612,46.0,33237.0,32687.0,550.0,1.65,602625.0,0.6485,86.4,0.754,Low
MN-IND-0070,Madhya Pradesh,Balaghat (Bharveli),Bharveli Deep Underground,Manganese Ore Bedding (MOIL Core),21.91677,80.2303,452.5,1551.8,0.248,0.539,1.392,1.047,30.83,0.669,46.83,17894.0,17685.0,209.0,1.17,637146.0,0.638,86.9,0.711,High
MN-IND-0071,Madhya Pradesh,Balaghat (Bharveli),Bharveli Deep Underground,Manganese Ore Bedding (MOIL Core),21.77375,80.22949,396.2,825.8,0.285,0.345,1.719,1.406,32.52,0.932,49.5,12072.0,11484.0,588.0,4.87,690183.0,0.8341,95.0,0.66,Medium
MN-IND-0072,Madhya Pradesh,Balaghat (Bharveli),Bharveli Deep Underground,Manganese Ore Bedding (MOIL Core),21.85485,80.10678,466.5,1069.5,0.25,0.486,1.457,1.257,29.61,0.681,45.21,9503.0,10450.0,0.0,0.0,632850.0,0.6727,85.5,0.903,Low
MN-IND-0073,Madhya Pradesh,Balaghat (Bharveli),Bharveli Deep Underground,Manganese Ore Bedding (MOIL Core),21.81594,80.23273,487.9,979.5,0.298,0.335,1.721,1.473,31.36,0.844,49.5,36577.0,34947.0,1630.0,4.46,678367.0,0.8076,92.9,0.706,Medium
MN-IND-0074,Madhya Pradesh,Balaghat (Bharveli),Bharveli Deep Underground,Manganese Ore Bedding (MOIL Core),22.02965,80.47879,318.2,1238.7,0.303,0.444,1.668,1.379,31.21,0.838,49.5,36148.0,36587.0,0.0,0.0,684770.0,0.7744,93.5,0.772,Low
MN-IND-0075,Madhya Pradesh,Chhindwara,Chhindwara-Gowari Wadhona,Sausar Supergroup Calc-silicate,21.56989,78.86546,350.4,1428.9,0.208,0.296,1.533,1.473,32.67,0.89,41.02,32852.0,29426.0,3426.0,10.43,404999.0,0.8094,90.8,0.639,Medium
MN-IND-0076,Madhya Pradesh,Chhindwara,Chhindwara-Gowari Wadhona,Sausar Supergroup Calc-silicate,21.63788,78.79371,405.2,1321.3,0.29,0.417,1.673,1.362,31.84,0.78,38.05,23904.0,22964.0,940.0,3.93,356870.0,0.7591,84.8,0.765,Low
MN-IND-0077,Madhya Pradesh,Chhindwara,Chhindwara-Gowari Wadhona,Sausar Supergroup Calc-silicate,21.63976,78.92588,442.0,1363.9,0.309,0.321,1.623,1.359,35.05,0.877,41.24,24326.0,25154.0,0.0,0.0,387421.0,0.8083,91.8,0.883,Low
MN-IND-0078,Madhya Pradesh,Chhindwara,Chhindwara-Gowari Wadhona,Sausar Supergroup Calc-silicate,21.52012,78.84122,291.5,1071.8,0.323,0.422,1.266,1.225,31.75,0.61,37.68,10501.0,10193.0,308.0,2.93,362259.0,0.6362,90.8,0.79,Low
MN-IND-0079,Madhya Pradesh,Chhindwara,Chhindwara-Gowari Wadhona,Sausar Supergroup Calc-silicate,21.72977,78.88263,490.9,1050.4,0.267,0.444,1.622,1.44,34.59,0.791,42.91,40990.0,40923.0,67.0,0.16,370751.0,0.7652,88.0,0.891,Low
MN-IND-0080,Madhya Pradesh,Chhindwara,Chhindwara-Gowari Wadhona,Sausar Supergroup Calc-silicate,21.65033,78.91345,304.2,1289.7,0.315,0.382,1.634,1.263,32.28,0.701,38.5,45645.0,42579.0,3066.0,6.72,376867.0,0.7244,84.3,0.754,Low
MN-IND-0081,Madhya Pradesh,Chhindwara,Chhindwara-Gowari Wadhona,Sausar Supergroup Calc-silicate,21.65115,78.88341,497.0,1150.1,0.354,0.302,1.599,1.395,35.54,0.782,38.72,29636.0,30084.0,0.0,0.0,391830.0,0.7793,90.3,0.716,Medium
MN-IND-0082,Madhya Pradesh,Chhindwara,Chhindwara-Gowari Wadhona,Sausar Supergroup Calc-silicate,21.54623,78.93122,281.5,1312.3,0.241,0.379,1.454,1.186,33.04,0.68,41.92,21345.0,23055.0,0.0,0.0,353369.0,0.6903,89.0,0.778,Low
MN-IND-0083,Madhya Pradesh,Chhindwara,Chhindwara-Gowari Wadhona,Sausar Supergroup Calc-silicate,21.62619,78.84279,487.2,1513.6,0.268,0.252,1.343,1.321,30.23,0.623,36.17,29937.0,28999.0,938.0,3.13,366902.0,0.6801,88.2,0.773,Low
MN-IND-0084,Madhya Pradesh,Chhindwara,Chhindwara-Gowari Wadhona,Sausar Supergroup Calc-silicate,21.69993,78.75846,437.4,1195.7,0.296,0.487,1.441,1.23,32.49,0.571,35.2,35846.0,34509.0,1337.0,3.73,350609.0,0.6369,87.7,0.726,Medium
MN-IND-0085,Madhya Pradesh,Chhindwara,Chhindwara-Gowari Wadhona,Sausar Supergroup Calc-silicate,21.69774,78.92413,553.6,1511.5,0.368,0.359,1.458,1.29,34.23,0.615,37.6,41017.0,38829.0,2188.0,5.33,341641.0,0.6826,84.5,0.716,Medium
MN-IND-0086,Madhya Pradesh,Chhindwara,Chhindwara-Gowari Wadhona,Sausar Supergroup Calc-silicate,21.66003,78.94291,492.8,1147.6,0.376,0.506,1.461,1.35,33.2,0.738,42.12,45127.0,43183.0,1944.0,4.31,358347.0,0.7064,83.7,0.646,Medium
MN-IND-0087,Madhya Pradesh,Chhindwara,Chhindwara-Gowari Wadhona,Sausar Supergroup Calc-silicate,21.66129,78.93948,458.8,1582.0,0.355,0.473,1.59,1.285,30.73,0.844,41.86,27540.0,25115.0,2425.0,8.81,356839.0,0.7536,86.1,0.775,High
MN-IND-0088,Madhya Pradesh,Chhindwara,Chhindwara-Gowari Wadhona,Sausar Supergroup Calc-silicate,21.6931,78.86209,335.2,1196.7,0.237,0.321,1.496,1.357,34.69,0.768,38.25,14700.0,14811.0,0.0,0.0,342515.0,0.7532,88.3,0.88,Low
MN-IND-0089,Madhya Pradesh,Chhindwara,Chhindwara-Gowari Wadhona,Sausar Supergroup Calc-silicate,21.73415,78.76881,308.6,1053.9,0.324,0.383,1.252,1.304,32.87,0.634,35.13,10279.0,7764.0,2515.0,24.47,320889.0,0.658,88.5,0.838,Medium
MN-IND-0090,Madhya Pradesh,Chhindwara,Chhindwara-Gowari Wadhona,Sausar Supergroup Calc-silicate,21.78129,78.94036,447.3,1564.5,0.358,0.405,1.383,1.397,35.25,0.892,43.7,22887.0,22818.0,69.0,0.3,368203.0,0.7748,89.0,0.872,High
MN-IND-0091,Madhya Pradesh,Chhindwara,Chhindwara-Gowari Wadhona,Sausar Supergroup Calc-silicate,21.67327,78.77731,360.0,1367.7,0.355,0.355,1.715,1.315,35.52,0.894,43.0,11751.0,11378.0,373.0,3.17,404311.0,0.8181,91.4,0.713,Medium
MN-IND-0092,Madhya Pradesh,Chhindwara,Chhindwara-Gowari Wadhona,Sausar Supergroup Calc-silicate,21.59137,78.84443,297.9,946.3,0.271,0.489,1.577,1.292,32.37,0.778,38.93,14940.0,14009.0,931.0,6.23,381532.0,0.7309,93.6,0.726,Medium
MN-IND-0093,Madhya Pradesh,Chhindwara,Chhindwara-Gowari Wadhona,Sausar Supergroup Calc-silicate,21.6008,78.876,340.8,1309.3,0.248,0.527,1.641,1.264,31.97,0.649,40.18,21599.0,20271.0,1328.0,6.15,351287.0,0.6845,83.3,0.74,Low
MN-IND-0094,Madhya Pradesh,Chhindwara,Chhindwara-Gowari Wadhona,Sausar Supergroup Calc-silicate,21.54989,78.81253,490.5,1112.3,0.363,0.127,1.411,1.376,35.92,0.81,38.01,25198.0,27268.0,0.0,0.0,381031.0,0.7911,89.0,0.78,Low
MN-IND-0095,Madhya Pradesh,Chhindwara,Chhindwara-Gowari Wadhona,Sausar Supergroup Calc-silicate,21.50195,78.91243,332.5,1066.2,0.268,0.43,1.452,1.326,29.25,0.674,39.46,45533.0,44713.0,820.0,1.8,332827.0,0.6829,84.8,0.851,Low
MN-IND-0096,Madhya Pradesh,Chhindwara,Chhindwara-Gowari Wadhona,Sausar Supergroup Calc-silicate,21.61691,79.00102,438.3,1230.3,0.311,0.204,1.574,1.388,36.44,0.779,40.44,9306.0,6243.0,3063.0,32.91,387853.0,0.7911,87.3,0.76,High
MN-IND-0097,Madhya Pradesh,Chhindwara,Chhindwara-Gowari Wadhona,Sausar Supergroup Calc-silicate,21.68628,78.77142,394.3,1007.4,0.292,0.421,1.488,1.196,28.53,0.695,38.61,24767.0,22309.0,2458.0,9.92,345437.0,0.6837,88.9,0.72,Medium
MN-IND-0098,Madhya Pradesh,Chhindwara,Chhindwara-Gowari Wadhona,Sausar Supergroup Calc-silicate,21.79039,78.85147,355.6,1451.8,0.271,0.504,1.769,1.386,31.47,0.787,39.37,21832.0,22701.0,0.0,0.0,378158.0,0.7616,91.1,0.786,Low
MN-IND-0099,Madhya Pradesh,Chhindwara,Chhindwara-Gowari Wadhona,Sausar Supergroup Calc-silicate,21.63964,78.89639,373.9,1261.2,0.24,0.444,1.605,1.391,28.71,0.689,38.18,9576.0,7223.0,2353.0,24.57,367661.0,0.7096,91.6,0.764,Medium
MN-IND-0100,Madhya Pradesh,Chhindwara,Chhindwara-Gowari Wadhona,Sausar Supergroup Calc-silicate,21.65581,78.81708,519.5,1128.2,0.303,0.258,1.401,1.454,29.68,0.886,41.94,23783.0,23850.0,0.0,0.0,376937.0,0.7883,92.7,0.924,Low
MN-IND-0101,Madhya Pradesh,Chhindwara,Chhindwara-Gowari Wadhona,Sausar Supergroup Calc-silicate,21.75629,78.87505,374.7,1086.4,0.324,0.549,1.622,1.167,33.16,0.648,39.32,47703.0,49993.0,0.0,0.0,362177.0,0.6734,91.0,0.836,Low
MN-IND-0102,Madhya Pradesh,Chhindwara,Chhindwara-Gowari Wadhona,Sausar Supergroup Calc-silicate,21.61723,78.90699,456.9,1306.9,0.355,0.456,1.651,1.358,31.0,0.767,36.49,17333.0,19818.0,0.0,0.0,373812.0,0.7436,91.4,0.887,Low
MN-IND-0103,Madhya Pradesh,Chhindwara,Chhindwara-Gowari Wadhona,Sausar Supergroup Calc-silicate,21.6727,78.77097,465.1,1618.3,0.334,0.433,1.323,1.201,36.36,0.577,35.86,44011.0,40416.0,3595.0,8.17,306881.0,0.6389,88.2,0.752,High
MN-IND-0104,Madhya Pradesh,Chhindwara,Chhindwara-Gowari Wadhona,Sausar Supergroup Calc-silicate,21.67941,78.86185,500.6,1079.5,0.316,0.217,1.668,1.225,35.56,0.786,40.86,23549.0,24700.0,0.0,0.0,393957.0,0.7876,88.9,0.925,Low
MN-IND-0105,Madhya Pradesh,Chhindwara,Chhindwara-Gowari Wadhona,Sausar Supergroup Calc-silicate,21.59978,78.82696,323.6,1567.6,0.228,0.342,1.473,1.433,33.7,0.665,36.79,12322.0,10482.0,1840.0,14.93,394333.0,0.7152,85.3,0.734,High
MN-IND-0106,Madhya Pradesh,Chhindwara,Chhindwara-Gowari Wadhona,Sausar Supergroup Calc-silicate,21.65682,78.94444,542.8,1058.9,0.379,0.452,1.561,1.22,35.56,0.755,41.69,24491.0,21780.0,2711.0,11.07,369755.0,0.7281,88.8,0.635,Medium
MN-IND-0107,Madhya Pradesh,Chhindwara,Chhindwara-Gowari Wadhona,Sausar Supergroup Calc-silicate,21.67706,78.83549,422.1,1247.1,0.272,0.277,1.327,1.161,32.73,0.68,36.92,16353.0,15975.0,378.0,2.31,350079.0,0.6871,90.6,0.839,Low
MN-IND-0108,Madhya Pradesh,Chhindwara,Chhindwara-Gowari Wadhona,Sausar Supergroup Calc-silicate,21.6704,78.70232,477.2,1277.3,0.3,0.26,1.654,1.293,34.93,0.93,36.58,40387.0,41944.0,0.0,0.0,377919.0,0.8342,92.9,0.809,Low
MN-IND-0109,Madhya Pradesh,Chhindwara,Chhindwara-Gowari Wadhona,Sausar Supergroup Calc-silicate,21.56441,78.74883,444.3,1359.0,0.3,0.412,1.455,1.203,33.21,0.663,36.3,38548.0,37021.0,1527.0,3.96,323341.0,0.6815,85.5,0.679,Medium
MN-IND-0110,Madhya Pradesh,Chhindwara,Chhindwara-Gowari Wadhona,Sausar Supergroup Calc-silicate,21.6688,78.75269,492.4,1383.7,0.348,0.557,1.338,1.022,34.94,0.735,38.89,17834.0,18033.0,0.0,0.0,349281.0,0.6594,86.6,0.784,Low
MN-IND-0111,Madhya Pradesh,Chhindwara,Chhindwara-Gowari Wadhona,Sausar Supergroup Calc-silicate,21.56902,78.78685,526.2,1423.0,0.277,0.408,1.607,1.237,35.8,0.676,38.64,47701.0,47275.0,426.0,0.89,366079.0,0.7146,86.2,0.799,Low
MN-IND-0112,Maharashtra,Nagpur (Mansar),Mansar-Kandri Belt,Mansar Schist / Gondite,21.44765,79.15782,618.2,979.1,0.299,0.267,1.392,1.457,32.27,0.695,40.37,31751.0,30377.0,1374.0,4.33,459051.0,0.7253,95.5,0.657,Medium
MN-IND-0113,Maharashtra,Nagpur (Mansar),Mansar-Kandri Belt,Mansar Schist / Gondite,21.29134,79.16825,282.3,1090.5,0.333,0.291,1.503,1.433,31.45,0.778,43.57,30021.0,28206.0,1815.0,6.05,503668.0,0.7608,90.0,0.868,Low
MN-IND-0114,Maharashtra,Nagpur (Mansar),Mansar-Kandri Belt,Mansar Schist / Gondite,21.40398,79.3549,540.1,1505.8,0.291,0.361,1.771,1.297,37.36,0.892,43.81,14151.0,14873.0,0.0,0.0,516257.0,0.8264,98.5,0.798,Low
MN-IND-0115,Maharashtra,Nagpur (Mansar),Mansar-Kandri Belt,Mansar Schist / Gondite,21.46033,79.31837,387.6,1117.8,0.295,0.398,1.554,1.3,36.92,0.667,42.9,23742.0,22697.0,1045.0,4.4,483462.0,0.7141,89.1,0.773,Low
MN-IND-0116,Maharashtra,Nagpur (Mansar),Mansar-Kandri Belt,Mansar Schist / Gondite,21.5298,79.28178,494.1,1159.9,0.345,0.43,1.172,0.984,33.4,0.483,40.66,13868.0,14461.0,0.0,0.0,426567.0,0.5624,79.4,0.847,Low
MN-IND-0117,Maharashtra,Nagpur (Mansar),Mansar-Kandri Belt,Mansar Schist / Gondite,21.49838,79.45765,420.9,1184.5,0.305,0.243,1.512,1.531,36.11,0.875,43.64,28445.0,30414.0,0.0,0.0,503206.0,0.8222,93.1,0.716,Medium
MN-IND-0118,Maharashtra,Nagpur (Mansar),Mansar-Kandri Belt,Mansar Schist / Gondite,21.43023,79.23255,421.1,1311.7,0.339,0.397,1.666,1.302,34.95,0.799,39.72,13535.0,13225.0,310.0,2.29,493996.0,0.7699,86.0,0.839,Low
MN-IND-0119,Maharashtra,Nagpur (Mansar),Mansar-Kandri Belt,Mansar Schist / Gondite,21.53967,79.39194,482.1,1146.3,0.218,0.344,1.576,1.365,34.83,0.685,42.68,22993.0,23509.0,0.0,0.0,505201.0,0.7318,88.1,0.734,Medium
MN-IND-0120,Maharashtra,Nagpur (Mansar),Mansar-Kandri Belt,Mansar Schist / Gondite,21.3637,79.23409,372.3,1311.5,0.312,0.34,1.851,1.445,33.73,0.882,43.06,43036.0,41473.0,1563.0,3.63,520753.0,0.8397,90.9,0.637,Medium
MN-IND-0121,Maharashtra,Nagpur (Mansar),Mansar-Kandri Belt,Mansar Schist / Gondite,21.37504,79.19549,392.1,1211.1,0.336,0.507,1.399,1.312,31.96,0.706,43.52,33821.0,34286.0,0.0,0.0,470144.0,0.6813,86.7,0.904,Low
MN-IND-0122,Maharashtra,Nagpur (Mansar),Mansar-Kandri Belt,Mansar Schist / Gondite,21.34062,79.23972,448.0,1210.0,0.291,0.415,1.471,1.272,30.33,0.732,42.15,15868.0,14908.0,960.0,6.05,461818.0,0.706,92.5,0.817,Low
MN-IND-0123,Maharashtra,Nagpur (Mansar),Mansar-Kandri Belt,Mansar Schist / Gondite,21.53391,79.20118,414.5,1298.4,0.291,0.318,1.283,1.416,32.01,0.694,45.45,14649.0,15030.0,0.0,0.0,473993.0,0.6998,92.3,0.727,Medium
MN-IND-0124,Maharashtra,Nagpur (Mansar),Mansar-Kandri Belt,Mansar Schist / Gondite,21.34778,79.3105,395.2,1229.0,0.305,0.422,1.415,1.072,32.5,0.608,43.38,23802.0,23397.0,405.0,1.7,452462.0,0.643,84.2,0.805,Low
MN-IND-0125,Maharashtra,Nagpur (Mansar),Mansar-Kandri Belt,Mansar Schist / Gondite,21.5552,79.22064,330.0,1180.6,0.3,0.35,1.344,1.367,34.3,0.665,43.03,30943.0,31130.0,0.0,0.0,482483.0,0.6939,84.0,0.682,Medium
MN-IND-0126,Maharashtra,Nagpur (Mansar),Mansar-Kandri Belt,Mansar Schist / Gondite,21.37204,79.21819,362.1,1244.5,0.306,0.38,1.637,1.318,30.4,0.793,44.1,29299.0,32439.0,0.0,0.0,500302.0,0.7575,94.6,0.834,Low
MN-IND-0127,Maharashtra,Nagpur (Mansar),Mansar-Kandri Belt,Mansar Schist / Gondite,21.36822,79.19182,298.9,1332.3,0.262,0.449,1.411,1.419,30.16,0.83,44.88,9469.0,7512.0,1957.0,20.67,490676.0,0.7397,90.0,0.905,Medium
MN-IND-0128,Maharashtra,Nagpur (Mansar),Mansar-Kandri Belt,Mansar Schist / Gondite,21.53147,79.30885,537.7,1278.2,0.315,0.328,1.484,1.162,34.64,0.745,46.03,11980.0,14468.0,0.0,0.0,483078.0,0.7263,92.1,0.885,Low
MN-IND-0129,Maharashtra,Nagpur (Mansar),Mansar-Kandri Belt,Mansar Schist / Gondite,21.46898,79.1667,375.1,1044.8,0.334,0.447,1.637,1.35,31.59,0.791,43.87,43970.0,40564.0,3406.0,7.75,488982.0,0.752,91.0,0.661,Medium
MN-IND-0130,Maharashtra,Nagpur (Mansar),Mansar-Kandri Belt,Mansar Schist / Gondite,21.32066,79.22937,392.6,1117.2,0.255,0.471,1.392,1.409,28.22,0.639,42.05,45416.0,41758.0,3658.0,8.05,452352.0,0.6616,90.4,0.661,Medium
MN-IND-0131,Maharashtra,Nagpur (Mansar),Mansar-Kandri Belt,Mansar Schist / Gondite,21.39092,79.29772,493.9,896.4,0.239,0.381,1.562,1.393,34.72,0.731,41.34,22192.0,22010.0,182.0,0.82,456165.0,0.7426,88.8,0.834,Low
MN-IND-0132,Maharashtra,Nagpur (Mansar),Mansar-Kandri Belt,Mansar Schist / Gondite,21.47662,79.29661,391.5,1308.3,0.306,0.323,1.612,1.146,34.09,0.869,42.91,41059.0,39182.0,1877.0,4.57,498366.0,0.7839,92.8,0.718,Medium
MN-IND-0133,Maharashtra,Nagpur (Mansar),Mansar-Kandri Belt,Mansar Schist / Gondite,21.40103,79.31839,283.0,1420.1,0.36,0.38,1.441,1.243,31.03,0.736,40.55,29422.0,27125.0,2297.0,7.81,475134.0,0.708,87.9,0.84,Low
MN-IND-0134,Maharashtra,Nagpur (Mansar),Mansar-Kandri Belt,Mansar Schist / Gondite,21.48778,79.15475,248.8,1511.3,0.33,0.445,1.048,1.163,33.43,0.432,40.76,19500.0,22234.0,0.0,0.0,444565.0,0.5418,77.9,0.878,Low
MN-IND-0135,Maharashtra,Nagpur (Mansar),Mansar-Kandri Belt,Mansar Schist / Gondite,21.37317,79.48092,401.6,1132.4,0.259,0.485,1.574,1.189,34.99,0.78,47.32,13578.0,14018.0,0.0,0.0,507218.0,0.7294,94.3,0.812,Low
MN-IND-0136,Maharashtra,Nagpur (Mansar),Mansar-Kandri Belt,Mansar Schist / Gondite,21.44976,79.21943,530.2,1018.7,0.28,0.342,1.516,1.445,31.02,0.813,44.36,11543.0,10215.0,1328.0,11.5,513195.0,0.767,92.0,0.624,Medium
MN-IND-0137,Maharashtra,Nagpur (Mansar),Mansar-Kandri Belt,Mansar Schist / Gondite,21.52073,79.32845,368.5,1229.0,0.296,0.335,1.464,1.306,33.57,0.771,41.23,22387.0,20201.0,2186.0,9.76,489682.0,0.7415,93.7,0.694,Medium
MN-IND-0138,Maharashtra,Nagpur (Mansar),Mansar-Kandri Belt,Mansar Schist / Gondite,21.41236,79.25308,384.4,1041.2,0.218,0.322,1.677,1.322,31.12,0.83,40.35,26559.0,28548.0,0.0,0.0,498258.0,0.7862,93.8,0.905,Low
MN-IND-0139,Maharashtra,Nagpur (Mansar),Mansar-Kandri Belt,Mansar Schist / Gondite,21.41816,79.25407,542.7,1696.2,0.215,0.498,1.785,1.477,32.46,0.827,45.45,9972.0,8356.0,1616.0,16.21,510888.0,0.7882,89.2,0.845,High
MN-IND-0140,Maharashtra,Nagpur (Mansar),Mansar-Kandri Belt,Mansar Schist / Gondite,21.3451,79.16539,437.2,1198.4,0.303,0.329,1.271,1.314,35.53,0.599,43.06,45142.0,45759.0,0.0,0.0,439784.0,0.6632,83.9,0.747,Low
MN-IND-0141,Maharashtra,Nagpur (Mansar),Mansar-Kandri Belt,Mansar Schist / Gondite,21.40349,79.27455,276.5,1276.8,0.346,0.301,1.359,1.226,30.03,0.737,43.32,25522.0,22984.0,2538.0,9.94,484848.0,0.7064,89.8,0.769,Low
MN-IND-0142,Maharashtra,Nagpur (Mansar),Mansar-Kandri Belt,Mansar Schist / Gondite,21.37447,79.1781,591.7,1316.7,0.31,0.479,1.379,1.315,34.55,0.554,43.34,10249.0,10932.0,0.0,0.0,461561.0,0.6364,86.7,0.81,Low
MN-IND-0143,Maharashtra,Nagpur (Mansar),Mansar-Kandri Belt,Mansar Schist / Gondite,21.29053,79.29596,290.8,993.6,0.338,0.274,1.502,1.293,34.6,0.709,40.2,43833.0,40513.0,3320.0,7.57,484149.0,0.735,88.1,0.652,Medium
MN-IND-0144,Maharashtra,Nagpur (Mansar),Mansar-Kandri Belt,Mansar Schist / Gondite,21.43913,79.29207,390.7,1048.2,0.271,0.339,1.333,1.259,32.31,0.681,44.04,47424.0,50163.0,0.0,0.0,453925.0,0.686,87.7,0.863,Low
MN-IND-0145,Maharashtra,Nagpur (Mansar),Mansar-Kandri Belt,Mansar Schist / Gondite,21.41106,79.29017,343.6,1056.6,0.298,0.436,1.73,1.359,35.3,0.746,43.41,44633.0,44715.0,0.0,0.0,475688.0,0.7592,89.1,0.694,Medium
MN-IND-0146,Maharashtra,Nagpur (Mansar),Mansar-Kandri Belt,Mansar Schist / Gondite,21.35229,79.25607,499.5,1163.5,0.312,0.293,1.503,1.335,35.32,0.749,42.7,25283.0,25435.0,0.0,0.0,492549.0,0.7516,93.3,0.747,Low
MN-IND-0147,Maharashtra,Nagpur (Mansar),Mansar-Kandri Belt,Mansar Schist / Gondite,21.38272,79.355,325.0,1349.5,0.291,0.368,1.297,1.158,32.03,0.607,39.13,18332.0,18459.0,0.0,0.0,452291.0,0.642,88.9,0.737,Medium
MN-IND-0148,Maharashtra,Nagpur (Mansar),Mansar-Kandri Belt,Mansar Schist / Gondite,21.34566,79.04686,364.1,1153.3,0.271,0.424,1.33,1.452,29.37,0.963,43.82,24253.0,25614.0,0.0,0.0,505188.0,0.7806,96.0,0.86,Low
MN-IND-0149,Maharashtra,Nagpur (Gumgaon),Gumgaon-Ramdongri,Gondite Quartzite Series,21.21022,78.93121,367.3,1120.1,0.32,0.453,1.425,1.44,35.32,0.815,42.59,39603.0,40073.0,0.0,0.0,430460.0,0.7494,86.0,0.797,Low
MN-IND-0150,Maharashtra,Nagpur (Gumgaon),Gumgaon-Ramdongri,Gondite Quartzite Series,21.49676,79.13283,358.6,1311.9,0.256,0.38,1.494,1.429,33.12,0.762,41.07,13975.0,12133.0,1842.0,13.18,433896.0,0.7444,91.4,0.683,Medium
MN-IND-0151,Maharashtra,Nagpur (Gumgaon),Gumgaon-Ramdongri,Gondite Quartzite Series,21.44328,79.10663,476.2,1289.3,0.348,0.325,1.168,1.373,33.6,0.801,43.41,14434.0,15832.0,0.0,0.0,434442.0,0.7219,93.4,0.804,Low
MN-IND-0152,Maharashtra,Nagpur (Gumgaon),Gumgaon-Ramdongri,Gondite Quartzite Series,21.42121,78.95202,268.2,1249.3,0.369,0.443,1.202,1.326,30.5,0.869,39.28,22262.0,22373.0,0.0,0.0,394161.0,0.721,91.7,0.728,Medium
MN-IND-0153,Maharashtra,Nagpur (Gumgaon),Gumgaon-Ramdongri,Gondite Quartzite Series,21.30836,78.97337,329.2,1358.4,0.315,0.287,1.599,1.384,32.1,0.882,44.05,47565.0,47212.0,353.0,0.74,442190.0,0.8074,89.0,0.712,Medium
MN-IND-0154,Maharashtra,Nagpur (Gumgaon),Gumgaon-Ramdongri,Gondite Quartzite Series,21.46703,79.07958,359.4,1072.0,0.235,0.423,1.413,1.383,33.68,0.604,38.89,41443.0,39983.0,1460.0,3.52,421335.0,0.6699,83.3,0.73,Medium
MN-IND-0155,Maharashtra,Nagpur (Gumgaon),Gumgaon-Ramdongri,Gondite Quartzite Series,21.36504,78.92196,420.3,1149.1,0.242,0.467,1.504,1.691,29.58,0.834,43.19,36131.0,36974.0,0.0,0.0,456654.0,0.7712,88.8,0.844,Low
MN-IND-0156,Maharashtra,Nagpur (Gumgaon),Gumgaon-Ramdongri,Gondite Quartzite Series,21.44035,78.94896,510.6,979.2,0.329,0.452,1.462,1.36,33.67,0.704,41.43,42673.0,43009.0,0.0,0.0,423630.0,0.705,90.5,0.853,Low
MN-IND-0157,Maharashtra,Nagpur (Gumgaon),Gumgaon-Ramdongri,Gondite Quartzite Series,21.4848,78.93896,485.0,1470.3,0.312,0.236,1.475,1.388,34.12,0.683,42.7,41075.0,41573.0,0.0,0.0,456403.0,0.7349,84.5,0.845,Low
MN-IND-0158,Maharashtra,Nagpur (Gumgaon),Gumgaon-Ramdongri,Gondite Quartzite Series,21.47358,79.1147,569.1,1266.3,0.282,0.422,1.537,1.293,32.04,0.721,37.22,36941.0,36075.0,866.0,2.34,446025.0,0.7153,88.8,0.653,Medium
MN-IND-0159,Maharashtra,Nagpur (Gumgaon),Gumgaon-Ramdongri,Gondite Quartzite Series,21.39318,79.27118,363.9,1308.9,0.357,0.676,1.477,1.317,27.0,0.636,41.69,44831.0,45868.0,0.0,0.0,400295.0,0.63,86.0,0.801,Low
MN-IND-0160,Maharashtra,Nagpur (Gumgaon),Gumgaon-Ramdongri,Gondite Quartzite Series,21.41499,78.99207,455.3,1518.3,0.34,0.34,1.337,1.247,34.74,0.786,38.82,47626.0,44363.0,3263.0,6.85,424542.0,0.728,88.8,0.833,Low
MN-IND-0161,Maharashtra,Nagpur (Gumgaon),Gumgaon-Ramdongri,Gondite Quartzite Series,21.2675,79.06433,551.9,1017.9,0.324,0.256,1.563,1.287,33.34,0.87,42.3,43265.0,45660.0,0.0,0.0,475223.0,0.7979,97.2,0.897,Low
MN-IND-0162,Maharashtra,Nagpur (Gumgaon),Gumgaon-Ramdongri,Gondite Quartzite Series,21.58436,78.89132,373.2,1276.1,0.335,0.351,1.732,1.292,36.6,0.691,42.18,44986.0,44637.0,349.0,0.78,438561.0,0.7506,88.7,0.823,Low
MN-IND-0163,Maharashtra,Nagpur (Gumgaon),Gumgaon-Ramdongri,Gondite Quartzite Series,21.3341,79.03649,420.9,1338.6,0.278,0.38,1.369,1.142,34.59,0.49,39.96,39314.0,39965.0,0.0,0.0,404198.0,0.6131,84.8,0.789,Low
MN-IND-0164,Maharashtra,Nagpur (Gumgaon),Gumgaon-Ramdongri,Gondite Quartzite Series,21.29342,79.03402,499.0,1387.0,0.305,0.393,1.486,1.184,33.1,0.637,38.27,8340.0,9247.0,0.0,0.0,377193.0,0.6773,89.8,0.766,Low
MN-IND-0165,Maharashtra,Nagpur (Gumgaon),Gumgaon-Ramdongri,Gondite Quartzite Series,21.37971,79.01795,453.0,1326.5,0.34,0.246,1.611,1.179,34.06,0.684,39.4,20066.0,19699.0,367.0,1.83,418470.0,0.7332,86.4,0.595,High
MN-IND-0166,Maharashtra,Nagpur (Gumgaon),Gumgaon-Ramdongri,Gondite Quartzite Series,21.35229,79.10405,456.3,1155.2,0.34,0.387,1.314,1.465,30.75,0.774,41.01,35715.0,35506.0,209.0,0.59,433009.0,0.7224,91.7,0.626,Medium
MN-IND-0167,Maharashtra,Nagpur (Gumgaon),Gumgaon-Ramdongri,Gondite Quartzite Series,21.33552,79.00944,464.4,1258.7,0.257,0.51,1.413,1.349,31.89,0.761,40.14,37858.0,39866.0,0.0,0.0,450215.0,0.7047,89.9,0.878,Low
MN-IND-0168,Maharashtra,Nagpur (Gumgaon),Gumgaon-Ramdongri,Gondite Quartzite Series,21.51529,78.96451,564.2,1110.2,0.275,0.437,1.495,1.38,33.9,0.69,41.4,19788.0,22716.0,0.0,0.0,443632.0,0.7085,89.1,0.896,Low
MN-IND-0169,Maharashtra,Nagpur (Gumgaon),Gumgaon-Ramdongri,Gondite Quartzite Series,21.30031,78.95654,574.4,1125.8,0.315,0.38,1.662,1.288,31.26,0.838,42.05,30527.0,32840.0,0.0,0.0,452954.0,0.7757,92.4,0.853,Low
MN-IND-0170,Maharashtra,Nagpur (Gumgaon),Gumgaon-Ramdongri,Gondite Quartzite Series,21.43587,79.02927,521.7,1375.4,0.325,0.522,1.199,1.306,30.83,0.646,42.26,20637.0,21094.0,0.0,0.0,367573.0,0.6299,86.9,0.748,Low
MN-IND-0171,Maharashtra,Nagpur (Gumgaon),Gumgaon-Ramdongri,Gondite Quartzite Series,21.43341,79.12298,436.4,1294.0,0.309,0.366,1.348,1.229,30.08,0.655,40.26,16541.0,15806.0,735.0,4.44,400126.0,0.6668,92.6,0.827,Low
MN-IND-0172,Maharashtra,Nagpur (Gumgaon),Gumgaon-Ramdongri,Gondite Quartzite Series,21.48738,79.03186,371.0,1135.4,0.225,0.417,1.199,1.3,28.88,0.7,43.01,38689.0,37662.0,1027.0,2.65,401380.0,0.6594,90.2,0.792,Low
MN-IND-0173,Maharashtra,Nagpur (Gumgaon),Gumgaon-Ramdongri,Gondite Quartzite Series,21.41574,78.95162,368.7,1223.6,0.353,0.426,1.397,1.341,32.81,0.635,39.37,45376.0,47842.0,0.0,0.0,438764.0,0.6727,86.2,0.833,Low
MN-IND-0174,Maharashtra,Nagpur (Gumgaon),Gumgaon-Ramdongri,Gondite Quartzite Series,21.38142,79.13704,399.2,1251.3,0.36,0.461,1.419,1.28,32.9,0.691,43.85,29631.0,30826.0,0.0,0.0,437918.0,0.685,87.6,0.775,Low
MN-IND-0175,Maharashtra,Nagpur (Gumgaon),Gumgaon-Ramdongri,Gondite Quartzite Series,21.46783,79.0723,495.3,1385.7,0.364,0.557,1.446,1.281,27.16,0.741,42.92,45876.0,47657.0,0.0,0.0,404569.0,0.6778,93.1,0.911,Low
MN-IND-0176,Maharashtra,Nagpur (Gumgaon),Gumgaon-Ramdongri,Gondite Quartzite Series,21.48871,79.00983,398.7,1337.1,0.348,0.351,1.537,1.217,35.43,0.702,45.52,31431.0,33499.0,0.0,0.0,413974.0,0.721,87.3,0.743,Low
MN-IND-0177,Maharashtra,Nagpur (Gumgaon),Gumgaon-Ramdongri,Gondite Quartzite Series,21.47836,79.16586,437.2,1206.8,0.359,0.506,1.504,1.172,31.89,0.556,37.77,22602.0,21727.0,875.0,3.87,422747.0,0.6304,83.8,0.821,Low
MN-IND-0178,Maharashtra,Nagpur (Gumgaon),Gumgaon-Ramdongri,Gondite Quartzite Series,21.35578,79.05376,381.5,1330.7,0.29,0.199,1.478,1.2,32.9,0.663,41.46,43259.0,42562.0,697.0,1.61,449692.0,0.7154,85.9,0.781,Low
MN-IND-0179,Maharashtra,Nagpur (Gumgaon),Gumgaon-Ramdongri,Gondite Quartzite Series,21.48149,79.03614,302.6,1341.5,0.389,0.475,1.528,1.268,32.98,0.52,39.86,38153.0,34780.0,3373.0,8.84,393962.0,0.6361,87.2,0.682,Medium
MN-IND-0180,Maharashtra,Nagpur (Gumgaon),Gumgaon-Ramdongri,Gondite Quartzite Series,21.46655,79.00444,437.3,1436.8,0.315,0.47,1.761,1.35,31.98,0.872,40.06,17124.0,18411.0,0.0,0.0,449364.0,0.7935,91.8,0.863,Low
MN-IND-0181,Maharashtra,Nagpur (Gumgaon),Gumgaon-Ramdongri,Gondite Quartzite Series,21.22894,79.12439,349.5,1594.4,0.272,0.314,1.579,1.428,32.36,0.845,43.4,42373.0,39770.0,2603.0,6.14,449759.0,0.7922,90.2,0.817,High
MN-IND-0182,Maharashtra,Nagpur (Gumgaon),Gumgaon-Ramdongri,Gondite Quartzite Series,21.414,78.86845,425.5,1028.5,0.315,0.326,1.487,1.291,34.29,0.689,38.7,33663.0,31194.0,2469.0,7.33,420412.0,0.7172,87.1,0.642,Medium
MN-IND-0183,Maharashtra,Nagpur (Gumgaon),Gumgaon-Ramdongri,Gondite Quartzite Series,21.47728,79.04703,248.2,1165.1,0.328,0.25,1.558,1.367,34.4,0.808,43.82,22503.0,22247.0,256.0,1.14,458698.0,0.7858,89.4,0.74,Low
MN-IND-0184,Maharashtra,Nagpur (Gumgaon),Gumgaon-Ramdongri,Gondite Quartzite Series,21.47011,79.02361,292.3,1161.6,0.305,0.343,1.388,1.226,32.54,0.696,46.03,45626.0,44686.0,940.0,2.06,389445.0,0.6954,88.3,0.749,Low
MN-IND-0185,Maharashtra,Nagpur (Gumgaon),Gumgaon-Ramdongri,Gondite Quartzite Series,21.66786,79.00935,559.6,855.4,0.216,0.557,1.508,1.361,33.75,0.703,40.55,11790.0,10594.0,1196.0,10.14,445432.0,0.6947,81.5,0.767,Low
MN-IND-0186,Maharashtra,Bhandara (Dongri Buzurg),Dongri Buzurg-Chikla,Pyrolusite / Cryptomelane Horizon,21.57328,79.74509,513.0,1216.6,0.36,0.348,1.432,1.187,34.66,0.728,43.2,34549.0,33892.0,657.0,1.9,559921.0,0.7129,85.3,0.659,Medium
MN-IND-0187,Maharashtra,Bhandara (Dongri Buzurg),Dongri Buzurg-Chikla,Pyrolusite / Cryptomelane Horizon,21.53568,79.70731,529.2,805.2,0.37,0.346,1.382,1.298,31.6,0.66,45.04,41465.0,42334.0,0.0,0.0,589120.0,0.6852,90.9,0.723,Medium
MN-IND-0188,Maharashtra,Bhandara (Dongri Buzurg),Dongri Buzurg-Chikla,Pyrolusite / Cryptomelane Horizon,21.50733,79.52017,516.1,1481.1,0.373,0.189,1.551,1.241,37.0,0.655,45.77,41477.0,38165.0,3312.0,7.99,597946.0,0.7364,84.4,0.73,Medium
MN-IND-0189,Maharashtra,Bhandara (Dongri Buzurg),Dongri Buzurg-Chikla,Pyrolusite / Cryptomelane Horizon,21.61767,79.7797,299.6,1233.8,0.274,0.251,1.245,1.468,33.99,0.779,47.06,45827.0,42812.0,3015.0,6.58,626188.0,0.7438,96.3,0.687,Medium
MN-IND-0190,Maharashtra,Bhandara (Dongri Buzurg),Dongri Buzurg-Chikla,Pyrolusite / Cryptomelane Horizon,21.50245,79.6128,231.5,1384.8,0.332,0.357,1.476,1.325,34.52,0.701,46.85,15681.0,17268.0,0.0,0.0,596900.0,0.719,91.6,0.876,Low
MN-IND-0191,Maharashtra,Bhandara (Dongri Buzurg),Dongri Buzurg-Chikla,Pyrolusite / Cryptomelane Horizon,21.45215,79.74456,270.6,1380.1,0.281,0.372,1.273,1.143,32.38,0.649,47.29,21023.0,20602.0,421.0,2.0,561406.0,0.6529,85.7,0.771,Low
MN-IND-0192,Maharashtra,Bhandara (Dongri Buzurg),Dongri Buzurg-Chikla,Pyrolusite / Cryptomelane Horizon,21.56229,79.71652,539.4,1200.1,0.382,0.349,1.55,1.27,34.85,0.876,46.55,38791.0,39143.0,0.0,0.0,631697.0,0.7867,98.3,0.788,Low
MN-IND-0193,Maharashtra,Bhandara (Dongri Buzurg),Dongri Buzurg-Chikla,Pyrolusite / Cryptomelane Horizon,21.77288,79.84307,381.9,1417.6,0.237,0.365,1.589,1.345,34.23,0.753,46.82,22670.0,21157.0,1513.0,6.67,604568.0,0.7509,85.3,0.68,Medium
MN-IND-0194,Maharashtra,Bhandara (Dongri Buzurg),Dongri Buzurg-Chikla,Pyrolusite / Cryptomelane Horizon,21.57114,79.71677,536.3,943.7,0.358,0.472,1.692,1.407,30.79,0.884,46.63,25014.0,26293.0,0.0,0.0,605504.0,0.7907,89.5,0.805,Low
MN-IND-0195,Maharashtra,Bhandara (Dongri Buzurg),Dongri Buzurg-Chikla,Pyrolusite / Cryptomelane Horizon,21.59416,79.69247,305.6,1302.8,0.318,0.29,1.573,1.416,32.59,0.699,42.26,16773.0,18987.0,0.0,0.0,583348.0,0.7433,85.5,0.771,Low
MN-IND-0196,Maharashtra,Bhandara (Dongri Buzurg),Dongri Buzurg-Chikla,Pyrolusite / Cryptomelane Horizon,21.48816,79.65034,435.1,950.1,0.299,0.285,1.251,1.225,35.46,0.661,49.5,25580.0,24233.0,1347.0,5.27,575368.0,0.6814,85.0,0.665,Medium
MN-IND-0197,Maharashtra,Bhandara (Dongri Buzurg),Dongri Buzurg-Chikla,Pyrolusite / Cryptomelane Horizon,21.58334,79.81337,511.1,1249.9,0.27,0.434,1.504,1.292,31.57,0.607,45.31,12186.0,13121.0,0.0,0.0,557332.0,0.6683,80.9,0.827,Low
MN-IND-0198,Maharashtra,Bhandara (Dongri Buzurg),Dongri Buzurg-Chikla,Pyrolusite / Cryptomelane Horizon,21.47584,79.63313,420.3,1074.8,0.331,0.501,1.748,1.389,33.65,0.854,48.51,15138.0,15016.0,122.0,0.81,631814.0,0.7883,92.1,0.84,Low
MN-IND-0199,Maharashtra,Bhandara (Dongri Buzurg),Dongri Buzurg-Chikla,Pyrolusite / Cryptomelane Horizon,21.58963,79.75145,370.1,1245.5,0.38,0.426,1.587,1.559,30.59,0.708,47.1,31932.0,30462.0,1470.0,4.6,595453.0,0.735,85.1,0.713,Medium
MN-IND-0200,Maharashtra,Bhandara (Dongri Buzurg),Dongri Buzurg-Chikla,Pyrolusite / Cryptomelane Horizon,21.58369,79.72292,502.4,1260.0,0.238,0.31,1.586,1.321,33.04,0.83,44.99,30739.0,29696.0,1043.0,3.39,630293.0,0.7809,94.1,0.763,Low
MN-IND-0201,Maharashtra,Bhandara (Dongri Buzurg),Dongri Buzurg-Chikla,Pyrolusite / Cryptomelane Horizon,21.46362,79.8859,254.9,1481.7,0.339,0.405,1.525,1.368,31.78,0.674,45.99,47189.0,49190.0,0.0,0.0,575415.0,0.7056,88.5,0.844,Low
MN-IND-0202,Maharashtra,Bhandara (Dongri Buzurg),Dongri Buzurg-Chikla,Pyrolusite / Cryptomelane Horizon,21.5039,79.79787,297.0,1152.3,0.221,0.418,1.479,1.247,28.69,0.832,46.84,46024.0,44450.0,1574.0,3.42,627710.0,0.7355,91.4,0.783,Low
MN-IND-0203,Maharashtra,Bhandara (Dongri Buzurg),Dongri Buzurg-Chikla,Pyrolusite / Cryptomelane Horizon,21.58451,79.69949,376.5,1446.6,0.303,0.272,1.488,1.326,30.64,0.754,47.64,35258.0,33060.0,2198.0,6.23,598724.0,0.7426,89.5,0.729,Medium
MN-IND-0204,Maharashtra,Bhandara (Dongri Buzurg),Dongri Buzurg-Chikla,Pyrolusite / Cryptomelane Horizon,21.59266,79.66786,486.4,1518.3,0.284,0.4,1.606,1.312,31.7,0.662,45.11,27456.0,23712.0,3744.0,13.64,594842.0,0.7071,84.5,0.715,Medium
MN-IND-0205,Maharashtra,Bhandara (Dongri Buzurg),Dongri Buzurg-Chikla,Pyrolusite / Cryptomelane Horizon,21.48745,79.68482,441.7,1269.5,0.276,0.514,1.357,1.13,32.14,0.649,41.82,37336.0,39259.0,0.0,0.0,554468.0,0.6402,86.8,0.911,Low
MN-IND-0206,Maharashtra,Bhandara (Dongri Buzurg),Dongri Buzurg-Chikla,Pyrolusite / Cryptomelane Horizon,21.60546,79.55779,436.8,995.3,0.275,0.357,1.582,1.226,34.47,0.642,43.19,15338.0,13954.0,1384.0,9.02,581792.0,0.7031,91.6,0.791,Low
MN-IND-0207,Maharashtra,Bhandara (Dongri Buzurg),Dongri Buzurg-Chikla,Pyrolusite / Cryptomelane Horizon,21.6741,79.79058,352.9,1229.9,0.251,0.242,1.501,1.489,35.68,0.741,46.18,16594.0,16390.0,204.0,1.23,621133.0,0.7696,85.6,0.835,Low
MN-IND-0208,Maharashtra,Bhandara (Dongri Buzurg),Dongri Buzurg-Chikla,Pyrolusite / Cryptomelane Horizon,21.5724,79.50603,405.7,1364.7,0.301,0.475,1.502,1.208,30.71,0.641,46.72,30180.0,28845.0,1335.0,4.42,563740.0,0.6647,82.2,0.69,Medium
MN-IND-0209,Maharashtra,Bhandara (Dongri Buzurg),Dongri Buzurg-Chikla,Pyrolusite / Cryptomelane Horizon,21.72144,79.68242,259.5,1447.8,0.294,0.464,1.315,1.236,29.2,0.616,45.9,42102.0,41587.0,515.0,1.22,552509.0,0.633,80.5,0.798,Low
MN-IND-0210,Maharashtra,Bhandara (Dongri Buzurg),Dongri Buzurg-Chikla,Pyrolusite / Cryptomelane Horizon,21.48522,79.73502,258.9,1032.9,0.268,0.466,1.614,1.514,32.27,0.784,45.11,13995.0,11936.0,2059.0,14.71,623935.0,0.7593,91.0,0.75,Medium
MN-IND-0211,Maharashtra,Bhandara (Dongri Buzurg),Dongri Buzurg-Chikla,Pyrolusite / Cryptomelane Horizon,21.51853,79.65901,347.4,1550.7,0.332,0.439,1.35,1.067,31.15,0.61,45.79,44059.0,41496.0,2563.0,5.82,554375.0,0.6294,83.9,0.732,High
MN-IND-0212,Maharashtra,Bhandara (Dongri Buzurg),Dongri Buzurg-Chikla,Pyrolusite / Cryptomelane Horizon,21.61914,79.5034,291.4,1131.2,0.31,0.444,1.551,1.447,34.0,0.889,46.93,31847.0,29578.0,2269.0,7.12,608373.0,0.7898,93.8,0.636,Medium
MN-IND-0213,Maharashtra,Bhandara (Dongri Buzurg),Dongri Buzurg-Chikla,Pyrolusite / Cryptomelane Horizon,21.59166,79.63364,446.6,1166.6,0.346,0.338,1.573,1.477,30.97,0.853,46.36,34968.0,34334.0,634.0,1.81,617052.0,0.7914,95.6,0.693,Medium
MN-IND-0214,Maharashtra,Bhandara (Dongri Buzurg),Dongri Buzurg-Chikla,Pyrolusite / Cryptomelane Horizon,21.57667,79.52058,356.0,1474.6,0.231,0.242,1.549,1.271,32.7,0.772,44.22,10462.0,11373.0,0.0,0.0,608740.0,0.7615,87.2,0.811,Low
MN-IND-0215,Maharashtra,Bhandara (Dongri Buzurg),Dongri Buzurg-Chikla,Pyrolusite / Cryptomelane Horizon,21.52884,79.74926,398.2,1159.3,0.26,0.499,1.229,1.153,36.28,0.387,43.19,17322.0,16138.0,1184.0,6.84,509830.0,0.5467,75.2,0.833,Low
MN-IND-0216,Maharashtra,Bhandara (Dongri Buzurg),Dongri Buzurg-Chikla,Pyrolusite / Cryptomelane Horizon,21.60714,79.68622,418.9,1133.6,0.251,0.326,1.613,1.44,32.83,0.788,44.76,29487.0,30458.0,0.0,0.0,601423.0,0.7766,90.1,0.889,Low
MN-IND-0217,Maharashtra,Bhandara (Dongri Buzurg),Dongri Buzurg-Chikla,Pyrolusite / Cryptomelane Horizon,21.63012,79.6827,387.5,1455.3,0.238,0.417,1.542,1.244,33.55,0.528,43.17,28757.0,29701.0,0.0,0.0,558421.0,0.6485,81.6,0.892,Low
MN-IND-0218,Maharashtra,Bhandara (Dongri Buzurg),Dongri Buzurg-Chikla,Pyrolusite / Cryptomelane Horizon,21.74688,79.77926,548.7,1109.1,0.317,0.503,1.456,1.368,30.32,0.808,44.96,22239.0,21409.0,830.0,3.73,575316.0,0.7256,87.3,0.762,Low
MN-IND-0219,Maharashtra,Bhandara (Dongri Buzurg),Dongri Buzurg-Chikla,Pyrolusite / Cryptomelane Horizon,21.61763,79.54417,478.5,1494.1,0.277,0.519,1.506,1.202,29.36,0.786,47.19,23942.0,22789.0,1153.0,4.82,576691.0,0.7055,90.3,0.835,Low
MN-IND-0220,Maharashtra,Bhandara (Dongri Buzurg),Dongri Buzurg-Chikla,Pyrolusite / Cryptomelane Horizon,21.4179,79.7674,435.7,1320.5,0.215,0.236,1.75,1.528,34.63,0.888,49.5,24594.0,24424.0,170.0,0.69,647611.0,0.8539,95.5,0.798,Low
MN-IND-0221,Maharashtra,Bhandara (Dongri Buzurg),Dongri Buzurg-Chikla,Pyrolusite / Cryptomelane Horizon,21.52491,79.82336,276.3,1173.5,0.223,0.439,1.641,1.298,30.49,0.764,47.26,26812.0,26145.0,667.0,2.49,596819.0,0.7374,89.3,0.83,Low
MN-IND-0222,Maharashtra,Bhandara (Dongri Buzurg),Dongri Buzurg-Chikla,Pyrolusite / Cryptomelane Horizon,21.70296,79.81312,557.9,1187.3,0.339,0.583,1.322,1.416,29.99,0.635,44.89,13602.0,14396.0,0.0,0.0,558023.0,0.6396,79.6,0.754,Low
MN-IND-0223,Odisha,Keonjhar (Joda),Joda-Barbil Iron-Manganese Belt,Iron Ore Supergroup / Shale-BIF,22.06718,85.4013,337.3,1080.6,0.313,0.417,1.618,1.545,30.96,0.767,41.05,33742.0,31637.0,2105.0,6.24,565630.0,0.7605,86.9,0.764,Low
MN-IND-0224,Odisha,Keonjhar (Joda),Joda-Barbil Iron-Manganese Belt,Iron Ore Supergroup / Shale-BIF,21.82714,85.35739,341.6,1138.8,0.294,0.248,1.274,1.354,34.81,0.712,37.81,36817.0,34251.0,2566.0,6.97,524246.0,0.717,91.6,0.722,Medium
MN-IND-0225,Odisha,Keonjhar (Joda),Joda-Barbil Iron-Manganese Belt,Iron Ore Supergroup / Shale-BIF,22.06855,85.52036,464.2,976.4,0.249,0.384,1.217,1.289,29.16,0.623,38.46,40517.0,40790.0,0.0,0.0,523540.0,0.6393,85.7,0.787,Low
MN-IND-0226,Odisha,Keonjhar (Joda),Joda-Barbil Iron-Manganese Belt,Iron Ore Supergroup / Shale-BIF,22.06066,85.38899,390.0,831.6,0.29,0.341,1.218,1.183,32.54,0.678,42.67,46024.0,45848.0,176.0,0.38,542281.0,0.6643,89.7,0.793,Low
MN-IND-0227,Odisha,Keonjhar (Joda),Joda-Barbil Iron-Manganese Belt,Iron Ore Supergroup / Shale-BIF,21.9578,85.37111,346.0,1277.4,0.305,0.415,1.291,1.195,31.2,0.564,37.0,42884.0,42101.0,783.0,1.83,512764.0,0.6203,84.1,0.768,Low
MN-IND-0228,Odisha,Keonjhar (Joda),Joda-Barbil Iron-Manganese Belt,Iron Ore Supergroup / Shale-BIF,21.99653,85.46829,347.9,1149.9,0.321,0.374,1.335,1.216,34.38,0.658,42.9,18742.0,19016.0,0.0,0.0,536878.0,0.6741,92.0,0.771,Low
MN-IND-0229,Odisha,Keonjhar (Joda),Joda-Barbil Iron-Manganese Belt,Iron Ore Supergroup / Shale-BIF,21.90837,85.51238,372.8,1385.7,0.23,0.175,1.87,1.474,30.05,0.951,43.69,19425.0,20400.0,0.0,0.0,640810.0,0.8848,91.7,0.796,Low
MN-IND-0230,Odisha,Keonjhar (Joda),Joda-Barbil Iron-Manganese Belt,Iron Ore Supergroup / Shale-BIF,21.94169,85.36855,587.4,1230.0,0.31,0.474,1.408,1.32,35.85,0.775,40.65,13100.0,12998.0,102.0,0.78,564887.0,0.7216,86.9,0.723,Medium
MN-IND-0231,Odisha,Keonjhar (Joda),Joda-Barbil Iron-Manganese Belt,Iron Ore Supergroup / Shale-BIF,21.87259,85.43889,417.6,1318.9,0.245,0.372,1.723,1.31,32.95,0.776,38.85,14762.0,14750.0,12.0,0.08,595558.0,0.7687,91.4,0.86,Low
MN-IND-0232,Odisha,Keonjhar (Joda),Joda-Barbil Iron-Manganese Belt,Iron Ore Supergroup / Shale-BIF,22.0465,85.17643,355.2,1230.8,0.3,0.345,1.325,1.203,36.32,0.64,41.16,29954.0,34466.0,0.0,0.0,538718.0,0.6746,91.5,0.903,Low
MN-IND-0233,Odisha,Keonjhar (Joda),Joda-Barbil Iron-Manganese Belt,Iron Ore Supergroup / Shale-BIF,22.02934,85.44411,635.4,1058.7,0.35,0.275,1.572,1.371,31.22,0.901,40.18,40387.0,42447.0,0.0,0.0,608126.0,0.8093,95.2,0.824,Low
MN-IND-0234,Odisha,Keonjhar (Joda),Joda-Barbil Iron-Manganese Belt,Iron Ore Supergroup / Shale-BIF,22.14824,85.38245,499.6,1318.4,0.285,0.513,1.672,1.223,32.69,0.668,39.64,40223.0,41690.0,0.0,0.0,523371.0,0.6956,90.5,0.835,Low
MN-IND-0235,Odisha,Keonjhar (Joda),Joda-Barbil Iron-Manganese Belt,Iron Ore Supergroup / Shale-BIF,21.95959,85.46592,294.6,1016.6,0.277,0.398,1.672,1.234,34.38,0.865,40.01,14295.0,15946.0,0.0,0.0,606066.0,0.7867,92.0,0.89,Low
MN-IND-0236,Odisha,Keonjhar (Joda),Joda-Barbil Iron-Manganese Belt,Iron Ore Supergroup / Shale-BIF,21.9309,85.43273,474.7,1032.3,0.344,0.553,1.732,1.057,30.66,0.622,37.29,20928.0,18373.0,2555.0,12.21,524003.0,0.6622,81.9,0.749,Medium
MN-IND-0237,Odisha,Keonjhar (Joda),Joda-Barbil Iron-Manganese Belt,Iron Ore Supergroup / Shale-BIF,22.03879,85.4472,466.7,1304.4,0.212,0.569,1.364,1.228,31.0,0.626,41.21,21939.0,21113.0,826.0,3.76,535373.0,0.6303,83.6,0.826,Low
MN-IND-0238,Odisha,Keonjhar (Joda),Joda-Barbil Iron-Manganese Belt,Iron Ore Supergroup / Shale-BIF,21.75272,85.4646,539.7,1502.2,0.339,0.202,1.528,1.27,37.87,0.767,38.29,43633.0,42253.0,1380.0,3.16,577318.0,0.7752,88.1,0.763,Low
MN-IND-0239,Odisha,Keonjhar (Joda),Joda-Barbil Iron-Manganese Belt,Iron Ore Supergroup / Shale-BIF,22.1014,85.58214,378.5,1391.6,0.281,0.251,1.371,1.215,35.21,0.654,43.49,27847.0,29283.0,0.0,0.0,555110.0,0.6979,86.3,0.779,Low
MN-IND-0240,Odisha,Keonjhar (Joda),Joda-Barbil Iron-Manganese Belt,Iron Ore Supergroup / Shale-BIF,21.96799,85.52002,431.0,1458.0,0.357,0.353,1.149,1.163,31.9,0.569,40.4,35989.0,33598.0,2391.0,6.64,524648.0,0.6128,86.9,0.698,Medium
MN-IND-0241,Odisha,Keonjhar (Joda),Joda-Barbil Iron-Manganese Belt,Iron Ore Supergroup / Shale-BIF,22.07462,85.42927,445.7,1148.9,0.324,0.263,1.58,1.248,34.87,0.865,41.41,31593.0,32138.0,0.0,0.0,586630.0,0.7978,90.4,0.894,Low
MN-IND-0242,Odisha,Keonjhar (Joda),Joda-Barbil Iron-Manganese Belt,Iron Ore Supergroup / Shale-BIF,21.95667,85.4287,352.2,1083.8,0.308,0.398,1.378,1.274,30.62,0.524,37.76,23324.0,19956.0,3368.0,14.44,487332.0,0.6251,83.4,0.586,High
MN-IND-0243,Odisha,Keonjhar (Joda),Joda-Barbil Iron-Manganese Belt,Iron Ore Supergroup / Shale-BIF,22.10193,85.29818,301.9,1109.1,0.274,0.495,1.389,1.302,33.54,0.59,42.63,13026.0,13658.0,0.0,0.0,544923.0,0.6441,82.9,0.803,Low
MN-IND-0244,Odisha,Keonjhar (Joda),Joda-Barbil Iron-Manganese Belt,Iron Ore Supergroup / Shale-BIF,22.12944,85.40719,345.6,1317.8,0.351,0.511,1.266,1.328,31.31,0.628,40.76,26594.0,26643.0,0.0,0.0,510957.0,0.6365,85.5,0.766,Low
MN-IND-0245,Odisha,Keonjhar (Joda),Joda-Barbil Iron-Manganese Belt,Iron Ore Supergroup / Shale-BIF,22.14098,85.30549,504.0,1504.1,0.235,0.366,1.524,1.385,29.73,0.814,42.77,29344.0,29660.0,0.0,0.0,603656.0,0.7569,89.2,0.822,Low
MN-IND-0246,Odisha,Keonjhar (Joda),Joda-Barbil Iron-Manganese Belt,Iron Ore Supergroup / Shale-BIF,22.01432,85.43004,312.6,981.1,0.21,0.434,1.485,1.341,29.08,0.61,41.59,46916.0,46635.0,281.0,0.6,582046.0,0.6651,83.9,0.759,Low
MN-IND-0247,Odisha,Keonjhar (Joda),Joda-Barbil Iron-Manganese Belt,Iron Ore Supergroup / Shale-BIF,22.00537,85.51022,427.2,1065.9,0.375,0.385,1.708,1.431,32.28,0.896,38.64,34936.0,35657.0,0.0,0.0,594588.0,0.8156,93.6,0.816,Low
MN-IND-0248,Odisha,Keonjhar (Joda),Joda-Barbil Iron-Manganese Belt,Iron Ore Supergroup / Shale-BIF,21.96368,85.34829,423.6,1419.3,0.32,0.452,1.56,1.293,31.94,0.781,38.26,11674.0,10202.0,1472.0,12.61,585414.0,0.7342,88.7,0.661,Medium
MN-IND-0249,Odisha,Keonjhar (Joda),Joda-Barbil Iron-Manganese Belt,Iron Ore Supergroup / Shale-BIF,22.17019,85.39539,287.6,1288.6,0.237,0.382,1.212,1.303,30.11,0.58,37.67,37985.0,39034.0,0.0,0.0,517480.0,0.6273,85.4,0.889,Low
MN-IND-0250,Odisha,Keonjhar (Joda),Joda-Barbil Iron-Manganese Belt,Iron Ore Supergroup / Shale-BIF,21.90102,85.30674,415.9,1423.0,0.233,0.299,1.485,1.221,30.93,0.772,42.61,28128.0,27411.0,717.0,2.55,568537.0,0.7363,87.8,0.765,Low
MN-IND-0251,Odisha,Keonjhar (Joda),Joda-Barbil Iron-Manganese Belt,Iron Ore Supergroup / Shale-BIF,21.96551,85.44406,378.9,1293.3,0.369,0.396,1.661,1.24,32.48,0.758,41.86,28143.0,30587.0,0.0,0.0,583262.0,0.7443,87.2,0.863,Low
MN-IND-0252,Odisha,Keonjhar (Joda),Joda-Barbil Iron-Manganese Belt,Iron Ore Supergroup / Shale-BIF,21.95771,85.36685,365.0,1338.1,0.234,0.389,1.678,1.27,31.77,0.658,40.65,20785.0,18952.0,1833.0,8.82,552466.0,0.7132,84.7,0.674,Medium
MN-IND-0253,Odisha,Keonjhar (Joda),Joda-Barbil Iron-Manganese Belt,Iron Ore Supergroup / Shale-BIF,22.00858,85.35612,393.1,1173.1,0.355,0.358,1.634,1.502,37.56,0.83,43.84,10125.0,9800.0,325.0,3.21,611373.0,0.8056,95.9,0.807,Low
MN-IND-0254,Odisha,Keonjhar (Joda),Joda-Barbil Iron-Manganese Belt,Iron Ore Supergroup / Shale-BIF,21.95137,85.36078,440.8,1313.6,0.239,0.339,1.579,1.317,33.41,0.882,44.96,20049.0,20596.0,0.0,0.0,600224.0,0.7946,95.4,0.711,Medium
MN-IND-0255,Odisha,Keonjhar (Joda),Joda-Barbil Iron-Manganese Belt,Iron Ore Supergroup / Shale-BIF,21.95966,85.36346,385.1,1147.6,0.295,0.466,1.436,1.142,30.29,0.577,38.2,39983.0,40907.0,0.0,0.0,542284.0,0.629,87.6,0.802,Low
MN-IND-0256,Odisha,Keonjhar (Joda),Joda-Barbil Iron-Manganese Belt,Iron Ore Supergroup / Shale-BIF,21.97065,85.44824,457.7,1087.5,0.235,0.275,1.63,1.511,33.88,0.952,43.62,41207.0,40148.0,1059.0,2.57,635608.0,0.8523,88.3,0.784,Low
MN-IND-0257,Odisha,Keonjhar (Joda),Joda-Barbil Iron-Manganese Belt,Iron Ore Supergroup / Shale-BIF,21.86945,85.31848,438.2,1400.5,0.266,0.362,1.458,1.51,31.21,0.725,41.15,17309.0,18342.0,0.0,0.0,557995.0,0.7319,89.2,0.744,Low
MN-IND-0258,Odisha,Keonjhar (Joda),Joda-Barbil Iron-Manganese Belt,Iron Ore Supergroup / Shale-BIF,22.06021,85.55317,346.7,1357.2,0.313,0.313,1.25,1.196,35.25,0.709,39.12,32253.0,33524.0,0.0,0.0,564693.0,0.691,87.9,0.804,Low
MN-IND-0259,Odisha,Keonjhar (Joda),Joda-Barbil Iron-Manganese Belt,Iron Ore Supergroup / Shale-BIF,21.75068,85.44377,498.5,1255.1,0.332,0.278,1.646,1.447,33.96,0.83,40.97,39749.0,42746.0,0.0,0.0,588405.0,0.8061,92.1,0.897,Low
MN-IND-0260,Odisha,Sundargarh (Koira),Bonai-Koira Valley,Banded Iron Formation & Wad,21.88841,85.2933,569.9,1129.8,0.303,0.49,1.197,1.109,31.21,0.678,34.93,37156.0,38718.0,0.0,0.0,397909.0,0.6301,86.4,0.892,Low
MN-IND-0261,Odisha,Sundargarh (Koira),Bonai-Koira Valley,Banded Iron Formation & Wad,21.89675,85.30731,492.7,1321.1,0.329,0.491,1.398,1.358,31.03,0.781,39.54,29145.0,30058.0,0.0,0.0,433368.0,0.7116,92.4,0.781,Low
MN-IND-0262,Odisha,Sundargarh (Koira),Bonai-Koira Valley,Banded Iron Formation & Wad,21.84953,85.12836,440.4,1490.2,0.239,0.241,1.599,1.249,35.84,0.732,38.63,30506.0,27052.0,3454.0,11.32,457879.0,0.7594,92.8,0.606,High
MN-IND-0263,Odisha,Sundargarh (Koira),Bonai-Koira Valley,Banded Iron Formation & Wad,21.95478,85.27287,362.8,1117.4,0.253,0.513,1.453,1.517,31.58,0.765,35.05,26891.0,30233.0,0.0,0.0,475018.0,0.7242,87.2,0.804,Low
MN-IND-0264,Odisha,Sundargarh (Koira),Bonai-Koira Valley,Banded Iron Formation & Wad,21.88233,85.25592,393.7,1429.9,0.333,0.488,1.566,1.29,30.97,0.639,36.78,45163.0,44377.0,786.0,1.74,434699.0,0.6775,88.4,0.83,Low
MN-IND-0265,Odisha,Sundargarh (Koira),Bonai-Koira Valley,Banded Iron Formation & Wad,21.77936,85.32943,498.2,1272.4,0.319,0.261,1.386,1.319,32.24,0.826,33.77,43282.0,44359.0,0.0,0.0,495243.0,0.7597,93.4,0.916,Low
MN-IND-0266,Odisha,Sundargarh (Koira),Bonai-Koira Valley,Banded Iron Formation & Wad,21.81862,85.19885,330.3,1182.5,0.36,0.425,1.522,1.307,31.07,0.636,38.84,29523.0,28296.0,1227.0,4.16,434192.0,0.682,87.5,0.757,Low
MN-IND-0267,Odisha,Sundargarh (Koira),Bonai-Koira Valley,Banded Iron Formation & Wad,21.75956,85.28631,231.1,1498.3,0.351,0.395,1.55,1.206,28.52,0.805,37.01,31184.0,29149.0,2035.0,6.53,437817.0,0.7346,90.8,0.748,Low
MN-IND-0268,Odisha,Sundargarh (Koira),Bonai-Koira Valley,Banded Iron Formation & Wad,22.05302,85.14401,371.5,1505.4,0.343,0.408,1.342,1.389,34.22,0.669,38.02,36271.0,34825.0,1446.0,3.99,456177.0,0.6879,88.2,0.816,Low
MN-IND-0269,Odisha,Sundargarh (Koira),Bonai-Koira Valley,Banded Iron Formation & Wad,21.82581,85.35307,466.9,1431.0,0.243,0.556,1.218,1.01,30.66,0.547,33.81,13143.0,13506.0,0.0,0.0,399422.0,0.5676,88.9,0.856,Low
MN-IND-0270,Odisha,Sundargarh (Koira),Bonai-Koira Valley,Banded Iron Formation & Wad,21.9065,85.34431,372.6,1114.9,0.33,0.412,1.509,1.372,35.03,0.75,40.53,21581.0,21632.0,0.0,0.0,486655.0,0.7371,86.4,0.782,Low
MN-IND-0271,Odisha,Sundargarh (Koira),Bonai-Koira Valley,Banded Iron Formation & Wad,21.71954,85.28448,351.1,1317.7,0.333,0.258,1.569,1.251,33.52,0.908,38.03,34250.0,30381.0,3869.0,11.3,494072.0,0.8091,98.1,0.634,Medium
MN-IND-0272,Odisha,Sundargarh (Koira),Bonai-Koira Valley,Banded Iron Formation & Wad,21.69928,85.1885,563.9,1328.2,0.29,0.516,1.675,1.209,33.26,0.599,36.08,35206.0,36985.0,0.0,0.0,420874.0,0.6716,82.9,0.853,Low
MN-IND-0273,Odisha,Sundargarh (Koira),Bonai-Koira Valley,Banded Iron Formation & Wad,22.02936,85.18837,427.4,1458.1,0.338,0.362,1.607,1.306,34.23,0.765,35.02,32586.0,30550.0,2036.0,6.25,476081.0,0.7547,93.8,0.695,Medium
MN-IND-0274,Odisha,Sundargarh (Koira),Bonai-Koira Valley,Banded Iron Formation & Wad,21.87262,85.32217,377.2,1278.0,0.266,0.366,1.52,1.21,33.73,0.736,38.85,41245.0,44489.0,0.0,0.0,473589.0,0.7237,89.9,0.912,Low
MN-IND-0275,Odisha,Sundargarh (Koira),Bonai-Koira Valley,Banded Iron Formation & Wad,21.94592,85.26968,335.5,1411.1,0.314,0.336,1.538,1.43,35.53,0.699,37.46,18707.0,19699.0,0.0,0.0,460262.0,0.7401,88.4,0.803,Low
MN-IND-0276,Odisha,Sundargarh (Koira),Bonai-Koira Valley,Banded Iron Formation & Wad,21.88759,85.05589,309.8,1331.3,0.232,0.283,1.438,1.444,37.84,0.709,36.3,39573.0,37981.0,1592.0,4.02,435880.0,0.7457,92.1,0.667,Medium
MN-IND-0277,Odisha,Sundargarh (Koira),Bonai-Koira Valley,Banded Iron Formation & Wad,22.01011,85.3986,472.0,1518.8,0.381,0.48,1.501,1.166,31.47,0.635,35.77,26771.0,26001.0,770.0,2.88,447446.0,0.6599,81.2,0.859,Low
MN-IND-0278,Odisha,Sundargarh (Koira),Bonai-Koira Valley,Banded Iron Formation & Wad,22.00555,85.34535,393.8,1169.4,0.385,0.49,1.524,1.271,30.35,0.602,36.16,34852.0,36181.0,0.0,0.0,414842.0,0.6558,88.8,0.791,Low
MN-IND-0279,Odisha,Sundargarh (Koira),Bonai-Koira Valley,Banded Iron Formation & Wad,22.02942,85.21788,510.5,1348.8,0.339,0.404,1.387,1.36,31.35,0.699,35.54,38594.0,40862.0,0.0,0.0,442867.0,0.6955,93.4,0.855,Low
MN-IND-0280,Odisha,Sundargarh (Koira),Bonai-Koira Valley,Banded Iron Formation & Wad,21.84836,85.36137,368.0,1409.3,0.234,0.405,1.374,1.409,32.21,0.719,36.84,18923.0,17170.0,1753.0,9.26,464733.0,0.7069,93.7,0.799,Low
MN-IND-0281,Odisha,Sundargarh (Koira),Bonai-Koira Valley,Banded Iron Formation & Wad,21.86351,85.27476,441.2,915.7,0.316,0.435,1.445,1.157,33.65,0.65,36.22,29939.0,27612.0,2327.0,7.77,444445.0,0.6693,77.3,0.67,Medium
MN-IND-0282,Odisha,Sundargarh (Koira),Bonai-Koira Valley,Banded Iron Formation & Wad,21.9635,85.28952,482.3,1107.7,0.263,0.403,1.509,1.335,32.38,0.785,37.02,45852.0,46847.0,0.0,0.0,459211.0,0.7412,89.4,0.845,Low
MN-IND-0283,Odisha,Sundargarh (Koira),Bonai-Koira Valley,Banded Iron Formation & Wad,21.98107,85.35347,333.2,1105.3,0.36,0.509,1.645,1.229,33.18,0.707,35.86,19293.0,20042.0,0.0,0.0,441105.0,0.7083,87.0,0.869,Low
MN-IND-0284,Odisha,Sundargarh (Koira),Bonai-Koira Valley,Banded Iron Formation & Wad,21.89802,85.28785,549.6,1205.1,0.344,0.212,1.641,1.414,34.91,0.806,36.53,36163.0,35494.0,669.0,1.85,503215.0,0.8065,87.6,0.728,Medium
MN-IND-0285,Odisha,Sundargarh (Koira),Bonai-Koira Valley,Banded Iron Formation & Wad,21.87892,85.13906,308.1,1276.8,0.297,0.389,1.543,1.399,32.28,0.745,36.06,34883.0,35736.0,0.0,0.0,445193.0,0.7386,94.7,0.782,Low
MN-IND-0286,Odisha,Sundargarh (Koira),Bonai-Koira Valley,Banded Iron Formation & Wad,21.85381,85.28303,494.0,1309.1,0.338,0.565,1.313,1.422,31.27,0.595,35.33,43335.0,39512.0,3823.0,8.82,416463.0,0.6305,83.2,0.638,Medium
MN-IND-0287,Odisha,Sundargarh (Koira),Bonai-Koira Valley,Banded Iron Formation & Wad,21.8911,85.33531,430.6,1157.2,0.333,0.474,1.549,1.299,35.9,0.605,38.52,29928.0,30214.0,0.0,0.0,457469.0,0.6778,88.1,0.746,Low
MN-IND-0288,Odisha,Sundargarh (Koira),Bonai-Koira Valley,Banded Iron Formation & Wad,22.02845,85.33769,253.0,1268.1,0.307,0.433,1.478,1.301,31.68,0.802,36.99,24568.0,26791.0,0.0,0.0,456468.0,0.7345,89.6,0.763,Low
MN-IND-0289,Odisha,Sundargarh (Koira),Bonai-Koira Valley,Banded Iron Formation & Wad,21.95659,85.30616,400.6,1101.7,0.357,0.325,1.579,1.5,33.21,0.842,38.89,45158.0,43824.0,1334.0,2.95,489330.0,0.7975,90.9,0.682,Medium
MN-IND-0290,Odisha,Sundargarh (Koira),Bonai-Koira Valley,Banded Iron Formation & Wad,21.95846,85.3666,457.3,1139.0,0.241,0.387,1.339,1.375,29.22,0.689,38.54,44220.0,44243.0,0.0,0.0,441069.0,0.6846,83.6,0.722,Medium
MN-IND-0291,Odisha,Sundargarh (Koira),Bonai-Koira Valley,Banded Iron Formation & Wad,21.78046,85.26447,351.1,1130.1,0.321,0.263,1.537,1.424,30.55,0.9,40.61,24110.0,25151.0,0.0,0.0,517717.0,0.8091,91.3,0.851,Low
MN-IND-0292,Odisha,Sundargarh (Koira),Bonai-Koira Valley,Banded Iron Formation & Wad,21.83313,85.16233,356.9,1187.0,0.286,0.422,1.409,1.342,28.77,0.721,37.25,28316.0,28947.0,0.0,0.0,459078.0,0.6956,89.8,0.788,Low
MN-IND-0293,Odisha,Sundargarh (Koira),Bonai-Koira Valley,Banded Iron Formation & Wad,21.90161,85.32134,319.1,1424.1,0.278,0.392,1.278,1.346,30.74,0.674,38.64,27072.0,26031.0,1041.0,3.85,442033.0,0.6722,84.8,0.742,Low
MN-IND-0294,Odisha,Sundargarh (Koira),Bonai-Koira Valley,Banded Iron Formation & Wad,21.86289,85.16215,405.3,1183.7,0.249,0.419,1.605,1.265,32.03,0.774,37.92,34827.0,34765.0,62.0,0.18,462312.0,0.7405,88.9,0.727,Medium
MN-IND-0295,Odisha,Sundargarh (Koira),Bonai-Koira Valley,Banded Iron Formation & Wad,21.92598,85.2884,511.4,1313.0,0.294,0.382,1.557,1.362,33.22,0.777,37.06,10226.0,10779.0,0.0,0.0,485237.0,0.7518,87.1,0.9,Low
MN-IND-0296,Odisha,Sundargarh (Koira),Bonai-Koira Valley,Banded Iron Formation & Wad,21.79927,85.16957,310.2,1184.1,0.333,0.451,1.698,1.252,32.33,0.744,37.25,14505.0,12680.0,1825.0,12.58,489215.0,0.7364,87.6,0.718,Medium
MN-IND-0297,Odisha,Rayagada (Nishikhal),Eastern Ghats Mobile Belt,Khondalite & Calc-granulite,19.18885,83.35846,374.6,1681.0,0.228,0.429,1.412,1.401,32.07,0.716,38.1,32904.0,29348.0,3556.0,10.81,370420.0,0.7058,88.1,0.779,High
MN-IND-0298,Odisha,Rayagada (Nishikhal),Eastern Ghats Mobile Belt,Khondalite & Calc-granulite,19.28615,83.24168,563.6,1275.4,0.336,0.282,1.421,1.194,35.22,0.688,39.68,41468.0,42262.0,0.0,0.0,364655.0,0.7093,82.2,0.728,Medium
MN-IND-0299,Odisha,Rayagada (Nishikhal),Eastern Ghats Mobile Belt,Khondalite & Calc-granulite,19.16522,83.24246,576.3,1185.6,0.284,0.499,1.579,1.194,31.14,0.67,37.26,28395.0,26623.0,1772.0,6.24,382548.0,0.6806,90.6,0.662,Medium
MN-IND-0300,Odisha,Rayagada (Nishikhal),Eastern Ghats Mobile Belt,Khondalite & Calc-granulite,19.23405,83.16802,355.3,1254.7,0.258,0.316,1.411,1.092,32.97,0.699,42.03,41963.0,42476.0,0.0,0.0,370286.0,0.6933,89.8,0.882,Low
MN-IND-0301,Odisha,Rayagada (Nishikhal),Eastern Ghats Mobile Belt,Khondalite & Calc-granulite,19.23405,83.23784,303.4,1158.2,0.368,0.389,1.501,1.49,32.28,0.848,43.86,47563.0,44926.0,2637.0,5.54,405368.0,0.777,98.0,0.677,Medium
MN-IND-0302,Odisha,Rayagada (Nishikhal),Eastern Ghats Mobile Belt,Khondalite & Calc-granulite,19.10221,83.30872,372.4,971.7,0.367,0.387,1.456,1.399,33.94,0.823,39.26,17247.0,17693.0,0.0,0.0,375587.0,0.7594,86.7,0.655,Medium
MN-IND-0303,Odisha,Rayagada (Nishikhal),Eastern Ghats Mobile Belt,Khondalite & Calc-granulite,19.25262,83.29648,364.0,1572.4,0.349,0.465,1.238,1.119,31.63,0.446,33.01,35180.0,35074.0,106.0,0.3,337452.0,0.5598,79.6,0.848,High
MN-IND-0304,Odisha,Rayagada (Nishikhal),Eastern Ghats Mobile Belt,Khondalite & Calc-granulite,19.249,83.20921,429.7,1010.3,0.317,0.357,1.518,1.314,33.01,0.733,38.22,21349.0,21392.0,0.0,0.0,384737.0,0.7309,89.6,0.811,Low
MN-IND-0305,Odisha,Rayagada (Nishikhal),Eastern Ghats Mobile Belt,Khondalite & Calc-granulite,19.22622,83.3055,371.0,1279.7,0.288,0.394,1.667,1.465,31.66,0.763,41.7,38604.0,37162.0,1442.0,3.74,380967.0,0.7638,92.8,0.749,Low
MN-IND-0306,Odisha,Rayagada (Nishikhal),Eastern Ghats Mobile Belt,Khondalite & Calc-granulite,19.06936,83.12811,559.0,1411.0,0.257,0.442,1.379,1.327,29.49,0.724,37.95,31495.0,30461.0,1034.0,3.28,374368.0,0.6901,86.6,0.662,Medium
MN-IND-0307,Odisha,Rayagada (Nishikhal),Eastern Ghats Mobile Belt,Khondalite & Calc-granulite,19.19403,83.26902,373.2,1120.0,0.232,0.439,1.635,1.29,30.0,0.7,39.5,21493.0,20724.0,769.0,3.58,366630.0,0.7124,88.3,0.759,Low
MN-IND-0308,Odisha,Rayagada (Nishikhal),Eastern Ghats Mobile Belt,Khondalite & Calc-granulite,19.13395,83.27693,261.3,1327.6,0.284,0.505,1.122,1.036,31.36,0.524,38.35,22405.0,19900.0,2505.0,11.18,344931.0,0.559,84.0,0.659,Medium
MN-IND-0309,Odisha,Rayagada (Nishikhal),Eastern Ghats Mobile Belt,Khondalite & Calc-granulite,19.09619,83.26632,496.6,1373.8,0.316,0.483,1.511,1.398,32.89,0.803,39.37,32576.0,33423.0,0.0,0.0,381624.0,0.7424,90.6,0.848,Low
MN-IND-0310,Odisha,Rayagada (Nishikhal),Eastern Ghats Mobile Belt,Khondalite & Calc-granulite,19.22914,83.25014,319.8,1139.4,0.356,0.449,1.213,1.225,31.21,0.477,38.55,11533.0,11719.0,0.0,0.0,326133.0,0.5776,83.2,0.752,Low
MN-IND-0311,Odisha,Rayagada (Nishikhal),Eastern Ghats Mobile Belt,Khondalite & Calc-granulite,19.15375,83.30485,381.8,1223.9,0.29,0.487,1.483,1.264,29.96,0.821,38.53,31667.0,31435.0,232.0,0.73,412050.0,0.7263,91.7,0.864,Low
MN-IND-0312,Odisha,Rayagada (Nishikhal),Eastern Ghats Mobile Belt,Khondalite & Calc-granulite,19.26356,83.16244,391.8,1297.0,0.314,0.417,1.432,1.452,32.12,0.808,41.01,44088.0,47010.0,0.0,0.0,407889.0,0.7469,89.1,0.847,Low
MN-IND-0313,Odisha,Rayagada (Nishikhal),Eastern Ghats Mobile Belt,Khondalite & Calc-granulite,19.20504,83.25764,375.7,1177.3,0.332,0.43,1.382,1.1,32.09,0.567,34.89,30306.0,31379.0,0.0,0.0,379366.0,0.6246,79.5,0.875,Low
MN-IND-0314,Odisha,Rayagada (Nishikhal),Eastern Ghats Mobile Belt,Khondalite & Calc-granulite,19.03256,83.20088,422.1,1378.4,0.276,0.419,1.475,1.391,30.58,0.767,42.26,37857.0,39320.0,0.0,0.0,401839.0,0.7286,87.0,0.746,Low
MN-IND-0315,Odisha,Rayagada (Nishikhal),Eastern Ghats Mobile Belt,Khondalite & Calc-granulite,19.13899,83.1092,483.1,1252.3,0.244,0.251,1.414,1.225,34.37,0.728,39.01,38532.0,35496.0,3036.0,7.88,375984.0,0.7279,90.9,0.659,Medium
MN-IND-0316,Odisha,Rayagada (Nishikhal),Eastern Ghats Mobile Belt,Khondalite & Calc-granulite,19.29375,83.31811,314.6,1131.2,0.217,0.534,1.573,1.24,31.86,0.762,38.76,14705.0,16287.0,0.0,0.0,375437.0,0.7125,94.4,0.906,Low
MN-IND-0317,Odisha,Rayagada (Nishikhal),Eastern Ghats Mobile Belt,Khondalite & Calc-granulite,19.22988,83.23266,429.6,1322.7,0.36,0.374,1.612,1.45,30.82,0.848,39.2,13483.0,14820.0,0.0,0.0,387447.0,0.7865,93.5,0.804,Low
MN-IND-0318,Odisha,Rayagada (Nishikhal),Eastern Ghats Mobile Belt,Khondalite & Calc-granulite,19.29342,83.22517,269.9,1355.8,0.361,0.555,1.676,1.394,28.8,0.764,39.53,14974.0,16240.0,0.0,0.0,378336.0,0.7282,88.0,0.867,Low
MN-IND-0319,Odisha,Rayagada (Nishikhal),Eastern Ghats Mobile Belt,Khondalite & Calc-granulite,19.21385,83.35508,388.0,1138.0,0.212,0.402,1.365,1.328,29.57,0.661,39.17,14941.0,13710.0,1231.0,8.24,368292.0,0.6727,81.8,0.809,Low
MN-IND-0320,Odisha,Rayagada (Nishikhal),Eastern Ghats Mobile Belt,Khondalite & Calc-granulite,19.30144,83.14632,503.2,1355.5,0.25,0.358,1.367,1.584,31.43,0.797,39.39,15148.0,16894.0,0.0,0.0,396864.0,0.7529,93.8,0.722,Medium
MN-IND-0321,Odisha,Rayagada (Nishikhal),Eastern Ghats Mobile Belt,Khondalite & Calc-granulite,19.2712,83.27851,444.3,1415.4,0.294,0.433,1.582,1.537,38.36,0.769,41.7,46706.0,47778.0,0.0,0.0,407011.0,0.7712,93.2,0.844,Low
MN-IND-0322,Odisha,Rayagada (Nishikhal),Eastern Ghats Mobile Belt,Khondalite & Calc-granulite,19.34129,83.1294,364.9,1378.6,0.21,0.316,1.496,1.401,34.51,0.762,37.55,11415.0,13424.0,0.0,0.0,395100.0,0.7552,89.4,0.899,Low
MN-IND-0323,Odisha,Rayagada (Nishikhal),Eastern Ghats Mobile Belt,Khondalite & Calc-granulite,19.09954,83.3172,348.2,1219.3,0.318,0.443,1.462,1.186,32.47,0.765,39.02,12411.0,13073.0,0.0,0.0,396079.0,0.7103,89.0,0.77,Low
MN-IND-0324,Odisha,Rayagada (Nishikhal),Eastern Ghats Mobile Belt,Khondalite & Calc-granulite,19.28109,83.28206,504.3,1200.0,0.322,0.452,1.628,1.281,33.17,0.871,39.72,33378.0,35293.0,0.0,0.0,398016.0,0.7761,93.2,0.808,Low
MN-IND-0325,Odisha,Rayagada (Nishikhal),Eastern Ghats Mobile Belt,Khondalite & Calc-granulite,19.23076,83.22946,499.1,1530.5,0.325,0.436,1.366,1.326,31.38,0.773,40.2,46022.0,45568.0,454.0,0.99,402001.0,0.7112,92.7,0.847,Low
MN-IND-0326,Odisha,Rayagada (Nishikhal),Eastern Ghats Mobile Belt,Khondalite & Calc-granulite,19.25579,83.24697,278.6,1217.1,0.229,0.474,1.272,1.162,31.31,0.488,33.71,21236.0,21860.0,0.0,0.0,346638.0,0.5801,84.3,0.838,Low
MN-IND-0327,Odisha,Rayagada (Nishikhal),Eastern Ghats Mobile Belt,Khondalite & Calc-granulite,19.1295,83.17441,383.8,1340.1,0.269,0.467,1.267,1.15,31.82,0.645,38.14,10051.0,8608.0,1443.0,14.36,362005.0,0.6358,85.1,0.786,Medium
MN-IND-0328,Odisha,Rayagada (Nishikhal),Eastern Ghats Mobile Belt,Khondalite & Calc-granulite,19.36492,83.29633,326.1,1122.3,0.274,0.355,1.371,1.2,33.0,0.455,35.19,28183.0,29276.0,0.0,0.0,350890.0,0.606,82.2,0.798,Low
MN-IND-0329,Odisha,Rayagada (Nishikhal),Eastern Ghats Mobile Belt,Khondalite & Calc-granulite,19.23628,83.28413,423.3,1345.6,0.314,0.444,1.498,1.334,29.41,0.823,39.94,17397.0,19310.0,0.0,0.0,408135.0,0.7398,87.3,0.879,Low
MN-IND-0330,Odisha,Rayagada (Nishikhal),Eastern Ghats Mobile Belt,Khondalite & Calc-granulite,19.32006,83.27361,495.3,1227.4,0.319,0.351,1.63,1.194,31.55,0.661,40.15,38862.0,39188.0,0.0,0.0,386072.0,0.7071,88.9,0.84,Low
MN-IND-0331,Odisha,Rayagada (Nishikhal),Eastern Ghats Mobile Belt,Khondalite & Calc-granulite,19.09758,83.12156,443.3,1216.8,0.281,0.374,1.416,1.133,35.5,0.632,35.76,43504.0,43221.0,283.0,0.65,394076.0,0.6709,89.4,0.722,Medium
MN-IND-0332,Odisha,Rayagada (Nishikhal),Eastern Ghats Mobile Belt,Khondalite & Calc-granulite,19.07059,83.40882,389.9,1353.0,0.336,0.237,1.663,1.418,33.23,0.964,41.24,42713.0,44477.0,0.0,0.0,411407.0,0.8569,89.4,0.925,Low
MN-IND-0333,Odisha,Rayagada (Nishikhal),Eastern Ghats Mobile Belt,Khondalite & Calc-granulite,19.11891,83.13206,399.3,988.0,0.307,0.463,1.406,1.227,34.87,0.673,38.96,10198.0,8785.0,1413.0,13.86,376211.0,0.6771,85.2,0.808,Medium
MN-IND-0334,Odisha,Koraput (Podakana),Koraput Manganese Horizon,Khondalite Supergroup,18.80794,82.61318,415.1,1174.4,0.304,0.295,1.492,1.491,33.48,0.93,34.67,25424.0,26449.0,0.0,0.0,331317.0,0.8219,91.7,0.722,Medium
MN-IND-0335,Odisha,Koraput (Podakana),Koraput Manganese Horizon,Khondalite Supergroup,18.82454,82.73355,467.4,1343.8,0.269,0.417,1.663,1.349,32.09,0.871,33.64,35437.0,37704.0,0.0,0.0,331915.0,0.7889,91.6,0.841,Low
MN-IND-0336,Odisha,Koraput (Podakana),Koraput Manganese Horizon,Khondalite Supergroup,18.74698,82.7281,318.3,1094.8,0.242,0.48,1.548,1.348,30.39,0.888,33.54,13167.0,14660.0,0.0,0.0,329845.0,0.7671,92.6,0.804,Low
MN-IND-0337,Odisha,Koraput (Podakana),Koraput Manganese Horizon,Khondalite Supergroup,18.82665,82.74075,421.3,1231.5,0.355,0.415,1.484,1.065,34.82,0.613,30.36,15557.0,15310.0,247.0,1.59,293247.0,0.6595,83.9,0.709,Medium
MN-IND-0338,Odisha,Koraput (Podakana),Koraput Manganese Horizon,Khondalite Supergroup,18.812,82.80422,416.5,1199.4,0.339,0.442,1.281,1.34,32.52,0.765,33.41,15468.0,12952.0,2516.0,16.27,309442.0,0.7006,88.3,0.657,Medium
MN-IND-0339,Odisha,Koraput (Podakana),Koraput Manganese Horizon,Khondalite Supergroup,18.80946,82.68161,526.1,1173.3,0.351,0.322,1.403,1.31,29.63,0.847,35.88,38073.0,38317.0,0.0,0.0,359289.0,0.7532,92.4,0.861,Low
MN-IND-0340,Odisha,Koraput (Podakana),Koraput Manganese Horizon,Khondalite Supergroup,18.96758,82.88453,484.6,1179.8,0.242,0.424,1.646,1.486,33.39,0.695,34.66,14562.0,15169.0,0.0,0.0,291172.0,0.7388,87.6,0.696,Medium
MN-IND-0341,Odisha,Koraput (Podakana),Koraput Manganese Horizon,Khondalite Supergroup,18.88855,82.74106,482.8,1159.7,0.354,0.43,1.559,1.277,31.28,0.64,34.22,12882.0,12756.0,126.0,0.98,304648.0,0.6852,84.8,0.872,Low
MN-IND-0342,Odisha,Koraput (Podakana),Koraput Manganese Horizon,Khondalite Supergroup,18.92487,82.73277,367.2,1159.3,0.285,0.37,1.362,1.31,34.22,0.656,36.57,17382.0,18225.0,0.0,0.0,306010.0,0.6849,83.6,0.838,Low
MN-IND-0343,Odisha,Koraput (Podakana),Koraput Manganese Horizon,Khondalite Supergroup,18.88959,82.66729,452.7,1361.2,0.276,0.529,1.338,1.272,32.33,0.678,35.97,18113.0,18814.0,0.0,0.0,320976.0,0.6581,88.4,0.668,Medium
MN-IND-0344,Odisha,Koraput (Podakana),Koraput Manganese Horizon,Khondalite Supergroup,18.81663,82.74787,387.0,1277.2,0.329,0.429,1.332,1.174,31.5,0.68,34.57,13475.0,14813.0,0.0,0.0,296200.0,0.6631,83.4,0.675,Medium
MN-IND-0345,Odisha,Koraput (Podakana),Koraput Manganese Horizon,Khondalite Supergroup,18.94539,82.68922,417.1,1373.8,0.208,0.515,1.573,1.273,29.74,0.782,36.16,26403.0,26435.0,0.0,0.0,331340.0,0.7198,92.2,0.852,Low
MN-IND-0346,Odisha,Koraput (Podakana),Koraput Manganese Horizon,Khondalite Supergroup,18.8775,82.73529,437.3,1443.1,0.271,0.545,1.521,1.41,31.3,0.779,34.89,23080.0,21216.0,1864.0,8.08,324316.0,0.7232,90.4,0.682,Medium
MN-IND-0347,Odisha,Koraput (Podakana),Koraput Manganese Horizon,Khondalite Supergroup,18.88554,82.72561,383.6,1366.7,0.244,0.341,1.487,1.426,35.63,0.924,35.55,43948.0,43143.0,805.0,1.83,328502.0,0.8117,91.8,0.748,Low
MN-IND-0348,Odisha,Koraput (Podakana),Koraput Manganese Horizon,Khondalite Supergroup,18.70345,82.81464,378.0,1133.7,0.334,0.456,1.455,1.447,33.5,0.91,38.33,38016.0,37528.0,488.0,1.28,349778.0,0.7823,98.5,0.763,Low
MN-IND-0349,Odisha,Koraput (Podakana),Koraput Manganese Horizon,Khondalite Supergroup,18.92555,82.57621,558.8,1216.0,0.339,0.435,1.357,1.366,31.27,0.684,33.34,14112.0,14003.0,109.0,0.77,308028.0,0.682,88.1,0.886,Low
MN-IND-0350,Odisha,Koraput (Podakana),Koraput Manganese Horizon,Khondalite Supergroup,18.76577,82.62535,359.4,1250.1,0.289,0.443,1.305,1.278,32.33,0.51,33.66,46886.0,48967.0,0.0,0.0,281136.0,0.6086,88.2,0.909,Low
MN-IND-0351,Odisha,Koraput (Podakana),Koraput Manganese Horizon,Khondalite Supergroup,18.78629,82.75693,255.0,1100.0,0.312,0.379,1.52,1.391,30.93,0.786,33.45,34500.0,32749.0,1751.0,5.08,344299.0,0.7477,94.7,0.765,Low
MN-IND-0352,Odisha,Koraput (Podakana),Koraput Manganese Horizon,Khondalite Supergroup,18.71899,82.78356,552.3,1407.0,0.231,0.172,1.649,1.237,35.94,0.799,35.49,38264.0,38985.0,0.0,0.0,352374.0,0.7987,90.2,0.806,Low
MN-IND-0353,Odisha,Koraput (Podakana),Koraput Manganese Horizon,Khondalite Supergroup,18.76881,82.70948,268.1,1250.4,0.383,0.478,1.346,1.332,31.61,0.617,33.92,14145.0,15672.0,0.0,0.0,311611.0,0.6486,81.9,0.845,Low
MN-IND-0354,Odisha,Koraput (Podakana),Koraput Manganese Horizon,Khondalite Supergroup,19.00986,82.73211,301.0,1363.3,0.271,0.326,1.705,1.451,33.24,0.839,34.97,45563.0,43953.0,1610.0,3.53,339647.0,0.8079,93.3,0.804,Low
MN-IND-0355,Odisha,Koraput (Podakana),Koraput Manganese Horizon,Khondalite Supergroup,18.77073,82.83268,393.3,1321.7,0.348,0.372,1.508,1.362,31.31,0.772,33.0,35574.0,36946.0,0.0,0.0,311421.0,0.741,88.9,0.716,Medium
MN-IND-0356,Odisha,Koraput (Podakana),Koraput Manganese Horizon,Khondalite Supergroup,18.826,82.74016,393.5,1417.4,0.353,0.451,1.451,1.39,36.66,0.572,35.43,24434.0,22706.0,1728.0,7.07,284479.0,0.6672,82.4,0.736,Medium
MN-IND-0357,Odisha,Koraput (Podakana),Koraput Manganese Horizon,Khondalite Supergroup,18.72537,82.71687,301.3,1327.5,0.33,0.314,1.2,1.266,31.79,0.702,36.11,41755.0,41503.0,252.0,0.6,291882.0,0.6797,83.5,0.695,Medium
MN-IND-0358,Odisha,Koraput (Podakana),Koraput Manganese Horizon,Khondalite Supergroup,18.86697,82.73136,383.6,1187.4,0.321,0.367,1.546,1.273,32.03,0.643,35.35,15892.0,15076.0,816.0,5.13,334038.0,0.6955,89.1,0.652,Medium
MN-IND-0359,Odisha,Koraput (Podakana),Koraput Manganese Horizon,Khondalite Supergroup,18.75554,82.73338,420.6,1174.0,0.301,0.521,1.715,1.285,28.24,0.82,33.74,38937.0,38283.0,654.0,1.68,334137.0,0.7475,89.1,0.698,Medium
MN-IND-0360,Odisha,Koraput (Podakana),Koraput Manganese Horizon,Khondalite Supergroup,18.69955,82.74297,386.4,995.7,0.324,0.346,1.473,1.371,31.95,0.82,32.23,9313.0,9252.0,61.0,0.65,338835.0,0.7597,93.4,0.788,Low
MN-IND-0361,Odisha,Koraput (Podakana),Koraput Manganese Horizon,Khondalite Supergroup,18.79486,82.75794,453.7,1113.7,0.277,0.37,1.391,0.934,32.5,0.665,33.27,42696.0,40162.0,2534.0,5.93,282939.0,0.6564,84.1,0.721,Medium
MN-IND-0362,Odisha,Koraput (Podakana),Koraput Manganese Horizon,Khondalite Supergroup,18.84042,82.65915,374.9,1093.2,0.305,0.416,1.438,1.133,39.25,0.581,36.4,47422.0,48589.0,0.0,0.0,288267.0,0.6586,85.0,0.83,Low
MN-IND-0363,Odisha,Koraput (Podakana),Koraput Manganese Horizon,Khondalite Supergroup,18.68876,82.70618,297.5,1278.3,0.267,0.431,1.578,1.186,31.6,0.667,33.94,18081.0,17397.0,684.0,3.78,329187.0,0.6901,90.2,0.777,Low
MN-IND-0364,Odisha,Koraput (Podakana),Koraput Manganese Horizon,Khondalite Supergroup,18.80851,82.61121,331.1,1318.8,0.296,0.494,0.97,1.085,29.61,0.524,35.35,16738.0,17309.0,0.0,0.0,244098.0,0.5414,82.4,0.74,Low
MN-IND-0365,Odisha,Koraput (Podakana),Koraput Manganese Horizon,Khondalite Supergroup,18.96244,82.74917,451.7,1345.7,0.353,0.294,1.57,1.345,35.79,0.762,35.41,21818.0,20788.0,1030.0,4.72,345750.0,0.7661,91.3,0.725,Medium
MN-IND-0366,Odisha,Koraput (Podakana),Koraput Manganese Horizon,Khondalite Supergroup,18.76794,82.62336,320.0,1215.2,0.271,0.466,1.441,1.608,31.09,0.822,34.54,8739.0,8352.0,387.0,4.43,312000.0,0.7558,93.3,0.787,Low
MN-IND-0367,Odisha,Koraput (Podakana),Koraput Manganese Horizon,Khondalite Supergroup,18.8274,82.78263,480.8,1192.6,0.218,0.437,1.296,1.258,31.84,0.637,34.16,8676.0,10150.0,0.0,0.0,311274.0,0.65,86.2,0.804,Low
MN-IND-0368,Odisha,Koraput (Podakana),Koraput Manganese Horizon,Khondalite Supergroup,18.82663,82.78888,408.1,1174.8,0.229,0.523,1.429,1.35,30.92,0.674,35.53,28884.0,28751.0,133.0,0.46,295458.0,0.6721,83.6,0.871,Low
MN-IND-0369,Odisha,Koraput (Podakana),Koraput Manganese Horizon,Khondalite Supergroup,18.73075,82.68706,391.2,1591.4,0.237,0.517,1.687,1.352,30.93,0.777,37.15,35338.0,33663.0,1675.0,4.74,324327.0,0.7415,89.9,0.757,High
MN-IND-0370,Odisha,Koraput (Podakana),Koraput Manganese Horizon,Khondalite Supergroup,18.85684,82.57629,389.6,1014.3,0.245,0.249,1.458,1.371,32.62,0.847,36.52,24925.0,25935.0,0.0,0.0,336814.0,0.7834,91.0,0.881,Low
MN-IND-0371,Karnataka,Bellary (Sandur),Sandur Schist Belt,Dharwar Supergroup / Deogiri Bed,15.15985,76.59872,536.0,1530.5,0.364,0.253,1.721,1.374,36.45,0.776,38.33,45740.0,46513.0,0.0,0.0,522485.0,0.8001,91.1,0.899,Low
MN-IND-0372,Karnataka,Bellary (Sandur),Sandur Schist Belt,Dharwar Supergroup / Deogiri Bed,15.19423,76.4968,428.7,896.2,0.245,0.499,1.152,0.989,34.23,0.575,36.6,14514.0,13872.0,642.0,4.42,432936.0,0.5842,82.6,0.664,Medium
MN-IND-0373,Karnataka,Bellary (Sandur),Sandur Schist Belt,Dharwar Supergroup / Deogiri Bed,14.97624,76.5672,258.9,1486.4,0.262,0.456,1.764,1.352,33.19,0.88,41.92,30616.0,29144.0,1472.0,4.81,509925.0,0.8018,92.1,0.875,Low
MN-IND-0374,Karnataka,Bellary (Sandur),Sandur Schist Belt,Dharwar Supergroup / Deogiri Bed,15.08822,76.57748,411.6,1286.9,0.392,0.369,1.441,1.324,32.62,0.721,42.1,27826.0,28941.0,0.0,0.0,472124.0,0.715,90.5,0.836,Low
MN-IND-0375,Karnataka,Bellary (Sandur),Sandur Schist Belt,Dharwar Supergroup / Deogiri Bed,15.22405,76.53448,406.8,1213.6,0.325,0.34,1.381,1.236,33.44,0.656,39.52,24006.0,22644.0,1362.0,5.67,454435.0,0.6838,95.4,0.677,Medium
MN-IND-0376,Karnataka,Bellary (Sandur),Sandur Schist Belt,Dharwar Supergroup / Deogiri Bed,15.13346,76.40539,359.0,1521.7,0.258,0.393,1.772,1.212,31.86,0.83,38.45,18948.0,18811.0,137.0,0.72,508640.0,0.7799,89.8,0.759,Low
MN-IND-0377,Karnataka,Bellary (Sandur),Sandur Schist Belt,Dharwar Supergroup / Deogiri Bed,15.03871,76.68271,265.2,1270.1,0.357,0.282,1.539,1.209,31.34,0.796,38.64,15034.0,15795.0,0.0,0.0,496664.0,0.7539,95.0,0.878,Low
MN-IND-0378,Karnataka,Bellary (Sandur),Sandur Schist Belt,Dharwar Supergroup / Deogiri Bed,15.1208,76.33339,293.7,1264.5,0.275,0.478,1.409,1.247,29.35,0.756,40.08,45555.0,45135.0,420.0,0.92,455597.0,0.6929,86.0,0.782,Low
MN-IND-0379,Karnataka,Bellary (Sandur),Sandur Schist Belt,Dharwar Supergroup / Deogiri Bed,15.12611,76.4555,555.5,1335.5,0.302,0.296,1.233,1.457,32.34,0.653,41.09,33466.0,33096.0,370.0,1.11,463662.0,0.6867,83.1,0.8,Low
MN-IND-0380,Karnataka,Bellary (Sandur),Sandur Schist Belt,Dharwar Supergroup / Deogiri Bed,15.1373,76.42121,424.7,1306.6,0.269,0.349,1.289,1.419,34.52,0.837,43.65,34154.0,33072.0,1082.0,3.17,507767.0,0.7522,89.5,0.764,Low
MN-IND-0381,Karnataka,Bellary (Sandur),Sandur Schist Belt,Dharwar Supergroup / Deogiri Bed,15.13006,76.61075,416.8,1105.4,0.244,0.256,1.622,1.377,37.3,0.782,41.19,8485.0,8802.0,0.0,0.0,547444.0,0.7915,89.2,0.917,Low
MN-IND-0382,Karnataka,Bellary (Sandur),Sandur Schist Belt,Dharwar Supergroup / Deogiri Bed,15.14758,76.59177,359.4,1158.5,0.361,0.494,1.35,1.275,32.27,0.7,40.33,13984.0,15152.0,0.0,0.0,462611.0,0.6728,81.6,0.802,Low
MN-IND-0383,Karnataka,Bellary (Sandur),Sandur Schist Belt,Dharwar Supergroup / Deogiri Bed,15.00764,76.56097,412.9,1439.6,0.237,0.4,1.528,1.307,33.53,0.73,37.73,32457.0,31502.0,955.0,2.94,496181.0,0.7253,89.2,0.872,Low
MN-IND-0384,Karnataka,Bellary (Sandur),Sandur Schist Belt,Dharwar Supergroup / Deogiri Bed,15.1139,76.51678,528.3,1019.0,0.228,0.319,1.567,1.172,30.41,0.822,39.0,37633.0,38584.0,0.0,0.0,505541.0,0.7558,91.5,0.74,Low
MN-IND-0385,Karnataka,Bellary (Sandur),Sandur Schist Belt,Dharwar Supergroup / Deogiri Bed,15.02815,76.56607,546.1,1317.5,0.373,0.391,1.656,1.494,28.55,0.873,41.93,19681.0,18981.0,700.0,3.56,521958.0,0.7964,91.7,0.667,Medium
MN-IND-0386,Karnataka,Bellary (Sandur),Sandur Schist Belt,Dharwar Supergroup / Deogiri Bed,15.23044,76.49874,423.5,1183.1,0.267,0.565,1.215,1.182,32.39,0.453,39.2,27646.0,25808.0,1838.0,6.65,416474.0,0.5512,80.2,0.657,Medium
MN-IND-0387,Karnataka,Bellary (Sandur),Sandur Schist Belt,Dharwar Supergroup / Deogiri Bed,15.04787,76.55479,575.4,1259.1,0.345,0.412,1.551,1.101,32.27,0.719,37.1,12449.0,12366.0,83.0,0.67,475959.0,0.7024,93.2,0.81,Low
MN-IND-0388,Karnataka,Bellary (Sandur),Sandur Schist Belt,Dharwar Supergroup / Deogiri Bed,15.15489,76.48736,594.5,1229.5,0.292,0.355,1.726,1.584,34.26,0.936,41.29,32349.0,31011.0,1338.0,4.14,533514.0,0.8535,95.6,0.764,Low
MN-IND-0389,Karnataka,Bellary (Sandur),Sandur Schist Belt,Dharwar Supergroup / Deogiri Bed,15.08755,76.47936,374.0,1021.7,0.268,0.231,1.634,1.191,35.13,0.896,38.9,35795.0,37226.0,0.0,0.0,520995.0,0.8159,92.6,0.769,Low
MN-IND-0390,Karnataka,Bellary (Sandur),Sandur Schist Belt,Dharwar Supergroup / Deogiri Bed,15.06089,76.56176,457.0,1420.2,0.27,0.242,1.466,1.422,35.54,0.781,36.96,19947.0,18449.0,1498.0,7.51,496159.0,0.7736,83.9,0.758,Low
MN-IND-0391,Karnataka,Bellary (Sandur),Sandur Schist Belt,Dharwar Supergroup / Deogiri Bed,14.96268,76.55835,517.5,1413.7,0.26,0.458,1.215,1.335,31.94,0.51,38.72,11827.0,11513.0,314.0,2.65,440921.0,0.5988,81.6,0.855,Low
MN-IND-0392,Karnataka,Bellary (Sandur),Sandur Schist Belt,Dharwar Supergroup / Deogiri Bed,15.16421,76.61182,501.4,1323.4,0.267,0.37,1.532,1.23,35.74,0.66,40.29,33837.0,34309.0,0.0,0.0,458156.0,0.7045,84.0,0.842,Low
MN-IND-0393,Karnataka,Bellary (Sandur),Sandur Schist Belt,Dharwar Supergroup / Deogiri Bed,14.9879,76.43784,398.6,1340.6,0.211,0.339,1.542,1.235,33.8,0.878,41.45,19909.0,19864.0,45.0,0.23,487188.0,0.7824,93.4,0.718,Medium
MN-IND-0394,Karnataka,Bellary (Sandur),Sandur Schist Belt,Dharwar Supergroup / Deogiri Bed,15.06577,76.5153,533.2,1278.3,0.32,0.439,1.567,1.311,34.33,0.63,37.99,39996.0,36328.0,3668.0,9.17,453555.0,0.6916,86.5,0.649,Medium
MN-IND-0395,Karnataka,Bellary (Sandur),Sandur Schist Belt,Dharwar Supergroup / Deogiri Bed,15.06725,76.36858,493.3,1197.0,0.227,0.458,1.396,1.211,32.34,0.698,38.12,45358.0,45031.0,327.0,0.72,463000.0,0.6781,90.0,0.788,Low
MN-IND-0396,Karnataka,Bellary (Sandur),Sandur Schist Belt,Dharwar Supergroup / Deogiri Bed,15.14375,76.42732,379.8,1032.8,0.301,0.245,1.624,1.326,33.86,0.814,39.71,17501.0,19293.0,0.0,0.0,510090.0,0.7923,89.5,0.696,Medium
MN-IND-0397,Karnataka,Bellary (Sandur),Sandur Schist Belt,Dharwar Supergroup / Deogiri Bed,15.02791,76.48016,543.6,1278.2,0.224,0.461,1.575,1.363,30.67,0.601,38.29,43697.0,46500.0,0.0,0.0,473332.0,0.6748,88.7,0.788,Low
MN-IND-0398,Karnataka,Bellary (Sandur),Sandur Schist Belt,Dharwar Supergroup / Deogiri Bed,15.02286,76.73709,365.0,987.7,0.306,0.48,1.451,1.398,31.19,0.615,36.06,40361.0,41941.0,0.0,0.0,488363.0,0.6654,82.9,0.863,Low
MN-IND-0399,Karnataka,Bellary (Sandur),Sandur Schist Belt,Dharwar Supergroup / Deogiri Bed,15.15797,76.541,267.2,1161.2,0.212,0.333,1.667,1.48,36.05,0.801,41.54,12858.0,12695.0,163.0,1.27,515044.0,0.7979,89.6,0.764,Low
MN-IND-0400,Karnataka,Bellary (Sandur),Sandur Schist Belt,Dharwar Supergroup / Deogiri Bed,15.10722,76.54227,365.8,950.6,0.305,0.462,1.41,1.074,33.26,0.618,38.91,26880.0,25332.0,1548.0,5.76,452183.0,0.6419,83.6,0.761,Low
MN-IND-0401,Karnataka,Bellary (Sandur),Sandur Schist Belt,Dharwar Supergroup / Deogiri Bed,14.99675,76.44752,572.0,1033.8,0.261,0.493,1.515,1.568,32.37,0.628,38.68,47033.0,48675.0,0.0,0.0,504428.0,0.6931,87.7,0.757,Low
MN-IND-0402,Karnataka,Bellary (Sandur),Sandur Schist Belt,Dharwar Supergroup / Deogiri Bed,14.95599,76.40621,324.7,833.9,0.347,0.489,1.467,1.207,36.03,0.803,39.74,34840.0,38448.0,0.0,0.0,501025.0,0.7275,95.3,0.857,Low
MN-IND-0403,Karnataka,Bellary (Sandur),Sandur Schist Belt,Dharwar Supergroup / Deogiri Bed,15.11584,76.56264,467.3,1044.3,0.227,0.389,1.643,1.358,27.32,0.82,42.37,26093.0,27325.0,0.0,0.0,506267.0,0.7622,86.5,0.704,Medium
MN-IND-0404,Karnataka,Bellary (Sandur),Sandur Schist Belt,Dharwar Supergroup / Deogiri Bed,15.15722,76.56595,501.6,1203.5,0.305,0.354,1.133,1.014,32.39,0.443,37.98,45111.0,43056.0,2055.0,4.56,443457.0,0.5553,81.1,0.641,Medium
MN-IND-0405,Karnataka,Bellary (Sandur),Sandur Schist Belt,Dharwar Supergroup / Deogiri Bed,15.04578,76.44551,347.1,1592.7,0.28,0.325,1.365,1.327,31.71,0.682,42.45,33147.0,29749.0,3398.0,10.25,472415.0,0.6967,79.7,0.771,High
MN-IND-0406,Karnataka,Bellary (Sandur),Sandur Schist Belt,Dharwar Supergroup / Deogiri Bed,15.09731,76.47708,315.4,1166.4,0.36,0.442,1.44,1.274,32.93,0.631,39.11,28610.0,30158.0,0.0,0.0,440035.0,0.6691,85.0,0.806,Low
MN-IND-0407,Karnataka,Bellary (Sandur),Sandur Schist Belt,Dharwar Supergroup / Deogiri Bed,15.17124,76.60148,371.9,1117.0,0.329,0.412,1.403,1.195,32.58,0.657,37.1,26369.0,25958.0,411.0,1.56,465342.0,0.6707,86.2,0.683,Medium
MN-IND-0408,Karnataka,Shimoga (Kumsi),Shimoga Schist Basin,Chitradurga Group Phyllite,14.15993,75.48236,331.0,1481.4,0.308,0.228,1.547,1.545,34.36,0.902,31.67,40237.0,39956.0,281.0,0.7,275107.0,0.8355,96.2,0.906,Low
MN-IND-0409,Karnataka,Shimoga (Kumsi),Shimoga Schist Basin,Chitradurga Group Phyllite,14.13387,75.48278,479.6,1294.9,0.265,0.359,1.535,1.448,35.42,0.888,34.17,19399.0,17985.0,1414.0,7.29,302204.0,0.8037,90.8,0.676,Medium
MN-IND-0410,Karnataka,Shimoga (Kumsi),Shimoga Schist Basin,Chitradurga Group Phyllite,13.90502,75.22613,417.7,853.3,0.262,0.407,1.489,1.372,31.11,0.816,35.66,33008.0,33038.0,0.0,0.0,291785.0,0.749,87.6,0.783,Low
MN-IND-0411,Karnataka,Shimoga (Kumsi),Shimoga Schist Basin,Chitradurga Group Phyllite,14.27399,75.41557,475.1,997.9,0.369,0.459,1.425,1.526,33.73,0.742,32.35,47675.0,45294.0,2381.0,4.99,267207.0,0.7264,85.5,0.704,Medium
MN-IND-0412,Karnataka,Shimoga (Kumsi),Shimoga Schist Basin,Chitradurga Group Phyllite,14.02099,75.49527,413.3,1200.8,0.356,0.53,1.618,1.314,30.66,0.725,32.56,40211.0,39718.0,493.0,1.23,257868.0,0.709,93.4,0.805,Low
MN-IND-0413,Karnataka,Shimoga (Kumsi),Shimoga Schist Basin,Chitradurga Group Phyllite,14.01389,75.41228,477.7,1549.7,0.362,0.549,1.64,1.463,27.9,0.784,32.38,13822.0,16445.0,0.0,0.0,265406.0,0.7352,88.2,0.857,Low
MN-IND-0414,Karnataka,Shimoga (Kumsi),Shimoga Schist Basin,Chitradurga Group Phyllite,13.98413,75.50407,335.9,1103.0,0.316,0.53,1.337,1.232,30.93,0.62,32.94,33105.0,33249.0,0.0,0.0,253504.0,0.631,88.2,0.745,Low
MN-IND-0415,Karnataka,Shimoga (Kumsi),Shimoga Schist Basin,Chitradurga Group Phyllite,13.90795,75.45185,495.2,1160.0,0.296,0.42,1.68,1.38,31.47,0.802,34.04,44831.0,47024.0,0.0,0.0,278560.0,0.7676,95.6,0.868,Low
MN-IND-0416,Karnataka,Shimoga (Kumsi),Shimoga Schist Basin,Chitradurga Group Phyllite,14.03945,75.39352,456.6,1167.9,0.322,0.289,1.363,1.185,34.02,0.694,32.59,32480.0,33063.0,0.0,0.0,270148.0,0.6997,83.9,0.829,Low
MN-IND-0417,Karnataka,Shimoga (Kumsi),Shimoga Schist Basin,Chitradurga Group Phyllite,14.13454,75.51489,430.3,1265.3,0.23,0.434,1.587,1.267,35.6,0.649,31.02,32524.0,29932.0,2592.0,7.97,258309.0,0.7006,87.0,0.641,Medium
MN-IND-0418,Karnataka,Shimoga (Kumsi),Shimoga Schist Basin,Chitradurga Group Phyllite,13.97735,75.36622,486.3,1063.1,0.287,0.408,1.616,1.388,32.57,0.763,32.38,11166.0,10911.0,255.0,2.28,268736.0,0.7512,90.0,0.831,Low
MN-IND-0419,Karnataka,Shimoga (Kumsi),Shimoga Schist Basin,Chitradurga Group Phyllite,14.05972,75.32354,463.1,1211.0,0.283,0.356,1.563,1.252,34.6,0.791,32.74,33334.0,31446.0,1888.0,5.66,249058.0,0.7555,93.6,0.698,Medium
MN-IND-0420,Karnataka,Shimoga (Kumsi),Shimoga Schist Basin,Chitradurga Group Phyllite,14.10168,75.31135,583.5,1182.0,0.246,0.267,1.414,1.353,33.9,0.757,35.54,19422.0,18316.0,1106.0,5.69,271998.0,0.7453,93.5,0.817,Low
MN-IND-0421,Karnataka,Shimoga (Kumsi),Shimoga Schist Basin,Chitradurga Group Phyllite,13.9631,75.39244,302.3,1497.1,0.319,0.373,1.47,1.259,33.95,0.658,29.58,9428.0,8583.0,845.0,8.96,273942.0,0.6939,80.8,0.764,Low
MN-IND-0422,Karnataka,Shimoga (Kumsi),Shimoga Schist Basin,Chitradurga Group Phyllite,14.03487,75.3875,466.8,1025.9,0.252,0.382,1.404,1.362,34.06,0.817,31.49,22197.0,21165.0,1032.0,4.65,260055.0,0.7489,88.4,0.802,Low
MN-IND-0423,Karnataka,Shimoga (Kumsi),Shimoga Schist Basin,Chitradurga Group Phyllite,14.04587,75.33825,352.9,1392.9,0.292,0.423,1.621,1.398,34.57,0.711,33.38,8872.0,8281.0,591.0,6.66,254726.0,0.7367,91.4,0.829,Low
MN-IND-0424,Karnataka,Shimoga (Kumsi),Shimoga Schist Basin,Chitradurga Group Phyllite,14.07779,75.43249,427.1,1223.4,0.348,0.477,1.342,1.313,30.36,0.561,31.97,9317.0,9532.0,0.0,0.0,230151.0,0.6242,88.1,0.755,Low
MN-IND-0425,Karnataka,Shimoga (Kumsi),Shimoga Schist Basin,Chitradurga Group Phyllite,14.09589,75.40462,355.0,1258.7,0.271,0.334,1.606,1.161,33.73,0.776,33.66,9432.0,10042.0,0.0,0.0,284739.0,0.7491,91.2,0.844,Low
MN-IND-0426,Karnataka,Shimoga (Kumsi),Shimoga Schist Basin,Chitradurga Group Phyllite,13.93565,75.5029,518.1,1010.5,0.381,0.274,1.628,1.452,37.14,0.83,32.25,17738.0,19425.0,0.0,0.0,294915.0,0.8123,92.9,0.721,Medium
MN-IND-0427,Karnataka,Shimoga (Kumsi),Shimoga Schist Basin,Chitradurga Group Phyllite,14.10103,75.4696,488.0,1507.0,0.273,0.37,1.469,1.233,35.26,0.806,32.63,33681.0,30580.0,3101.0,9.21,279340.0,0.7468,90.0,0.819,Low
MN-IND-0428,Karnataka,Shimoga (Kumsi),Shimoga Schist Basin,Chitradurga Group Phyllite,13.99549,75.34728,406.5,1328.9,0.253,0.332,1.354,1.268,34.34,0.699,33.21,29492.0,30909.0,0.0,0.0,281912.0,0.7015,90.8,0.871,Low
MN-IND-0429,Karnataka,Shimoga (Kumsi),Shimoga Schist Basin,Chitradurga Group Phyllite,14.15934,75.42505,534.9,1168.7,0.32,0.29,1.609,1.414,32.04,0.772,34.73,23562.0,21213.0,2349.0,9.97,290098.0,0.7718,94.1,0.624,Medium
MN-IND-0430,Karnataka,Shimoga (Kumsi),Shimoga Schist Basin,Chitradurga Group Phyllite,14.08538,75.25688,297.0,1170.9,0.305,0.396,1.405,1.308,35.4,0.827,33.25,32062.0,34332.0,0.0,0.0,266732.0,0.749,89.3,0.807,Low
MN-IND-0431,Karnataka,Shimoga (Kumsi),Shimoga Schist Basin,Chitradurga Group Phyllite,14.05613,75.45033,438.5,1168.1,0.263,0.392,1.669,1.559,32.16,0.731,35.01,25591.0,26303.0,0.0,0.0,291925.0,0.7622,89.9,0.69,Medium
MN-IND-0432,Karnataka,Shimoga (Kumsi),Shimoga Schist Basin,Chitradurga Group Phyllite,14.02192,75.47242,551.3,1559.2,0.231,0.488,1.303,1.361,29.74,0.727,34.49,32899.0,32198.0,701.0,2.13,282975.0,0.6783,90.4,0.884,High
MN-IND-0433,Karnataka,Shimoga (Kumsi),Shimoga Schist Basin,Chitradurga Group Phyllite,13.98565,75.36452,372.0,942.3,0.287,0.417,1.426,1.5,32.52,0.854,33.93,24247.0,26427.0,0.0,0.0,259434.0,0.767,92.0,0.752,Low
MN-IND-0434,Karnataka,Shimoga (Kumsi),Shimoga Schist Basin,Chitradurga Group Phyllite,14.10929,75.45081,503.2,1135.2,0.258,0.235,1.493,1.268,33.85,0.779,33.34,21702.0,20559.0,1143.0,5.27,274670.0,0.7601,90.5,0.673,Medium
MN-IND-0435,Karnataka,Shimoga (Kumsi),Shimoga Schist Basin,Chitradurga Group Phyllite,14.10429,75.42224,374.9,1326.3,0.373,0.198,1.512,1.436,35.91,0.696,32.29,34790.0,35888.0,0.0,0.0,284828.0,0.7582,95.3,0.844,Low
MN-IND-0436,Karnataka,Shimoga (Kumsi),Shimoga Schist Basin,Chitradurga Group Phyllite,13.97403,75.27365,462.9,1445.4,0.22,0.417,1.463,1.433,32.37,0.901,36.46,44851.0,41768.0,3083.0,6.87,271740.0,0.7822,94.4,0.742,Low
MN-IND-0437,Karnataka,Shimoga (Kumsi),Shimoga Schist Basin,Chitradurga Group Phyllite,13.98201,75.40915,470.0,1398.6,0.3,0.383,1.578,1.453,31.08,0.831,37.4,17173.0,17470.0,0.0,0.0,289371.0,0.7756,89.0,0.901,Low
MN-IND-0438,Karnataka,Shimoga (Kumsi),Shimoga Schist Basin,Chitradurga Group Phyllite,14.09606,75.34459,499.5,1071.1,0.341,0.326,1.367,1.316,32.04,0.744,30.55,37852.0,36344.0,1508.0,3.98,215894.0,0.7183,87.6,0.707,Medium
MN-IND-0439,Karnataka,Shimoga (Kumsi),Shimoga Schist Basin,Chitradurga Group Phyllite,14.21899,75.37269,380.6,1320.6,0.324,0.392,1.431,1.194,30.79,0.67,35.2,30734.0,31700.0,0.0,0.0,266084.0,0.6775,88.4,0.899,Low
MN-IND-0440,Karnataka,Shimoga (Kumsi),Shimoga Schist Basin,Chitradurga Group Phyllite,13.93566,75.46597,332.4,1121.5,0.34,0.306,1.604,1.448,35.03,0.813,34.84,21067.0,22575.0,0.0,0.0,263417.0,0.7931,86.8,0.863,Low
MN-IND-0441,Karnataka,Shimoga (Kumsi),Shimoga Schist Basin,Chitradurga Group Phyllite,14.02617,75.44946,530.8,1038.1,0.364,0.38,1.459,1.16,30.3,0.679,31.56,24622.0,24762.0,0.0,0.0,273111.0,0.6817,85.7,0.829,Low
MN-IND-0442,Karnataka,Shimoga (Kumsi),Shimoga Schist Basin,Chitradurga Group Phyllite,14.10918,75.51882,420.6,1297.8,0.359,0.467,1.361,1.398,31.09,0.654,31.35,26685.0,29043.0,0.0,0.0,240980.0,0.6696,84.4,0.825,Low
MN-IND-0443,Karnataka,Shimoga (Kumsi),Shimoga Schist Basin,Chitradurga Group Phyllite,14.22202,75.31962,489.0,1416.9,0.337,0.309,1.316,1.295,33.11,0.737,31.41,15346.0,14941.0,405.0,2.64,244634.0,0.7127,88.5,0.737,Medium
MN-IND-0444,Karnataka,Shimoga (Kumsi),Shimoga Schist Basin,Chitradurga Group Phyllite,13.9307,75.36801,420.3,1309.6,0.269,0.234,1.586,1.254,38.68,0.886,34.53,18487.0,14032.0,4455.0,24.1,312352.0,0.8199,91.2,0.625,Medium
MN-IND-0445,Karnataka,Uttara Kannada,North Kanara Low-grade Belt,Lateritic Manganese Cap,15.22209,74.57106,322.6,1156.2,0.334,0.334,1.682,1.34,34.46,0.751,34.96,16438.0,16779.0,0.0,0.0,243181.0,0.7669,88.4,0.631,Medium
MN-IND-0446,Karnataka,Uttara Kannada,North Kanara Low-grade Belt,Lateritic Manganese Cap,15.19615,74.59213,396.8,1370.3,0.36,0.452,1.416,1.211,32.79,0.664,29.55,29259.0,29509.0,0.0,0.0,211386.0,0.6704,85.1,0.815,Low
MN-IND-0447,Karnataka,Uttara Kannada,North Kanara Low-grade Belt,Lateritic Manganese Cap,15.17491,74.65757,359.0,981.1,0.221,0.455,1.451,1.266,34.6,0.693,32.03,42057.0,42383.0,0.0,0.0,250646.0,0.6934,86.4,0.75,Low
MN-IND-0448,Karnataka,Uttara Kannada,North Kanara Low-grade Belt,Lateritic Manganese Cap,15.15272,74.59109,498.8,1198.4,0.265,0.332,1.558,1.432,30.84,0.749,31.31,41722.0,44270.0,0.0,0.0,235004.0,0.7499,94.2,0.796,Low
MN-IND-0449,Karnataka,Uttara Kannada,North Kanara Low-grade Belt,Lateritic Manganese Cap,15.22355,74.68041,431.1,1261.7,0.274,0.431,1.385,1.36,33.22,0.655,31.84,41232.0,44327.0,0.0,0.0,227614.0,0.6802,85.2,0.876,Low
MN-IND-0450,Karnataka,Uttara Kannada,North Kanara Low-grade Belt,Lateritic Manganese Cap,15.13787,74.52664,367.1,1468.4,0.275,0.345,1.521,1.177,32.55,0.736,28.94,28243.0,28094.0,149.0,0.53,202211.0,0.7217,89.1,0.816,Low
MN-IND-0451,Karnataka,Uttara Kannada,North Kanara Low-grade Belt,Lateritic Manganese Cap,15.08069,74.63832,395.4,1115.9,0.252,0.409,1.571,1.418,31.3,0.631,32.71,14657.0,13050.0,1607.0,10.96,230883.0,0.6986,81.1,0.656,Medium
MN-IND-0452,Karnataka,Uttara Kannada,North Kanara Low-grade Belt,Lateritic Manganese Cap,15.23456,74.56433,389.2,1253.2,0.294,0.264,1.571,1.35,34.32,0.791,30.78,17613.0,19115.0,0.0,0.0,221413.0,0.7778,96.1,0.722,Medium
MN-IND-0453,Karnataka,Uttara Kannada,North Kanara Low-grade Belt,Lateritic Manganese Cap,15.21013,74.68267,448.4,1373.6,0.373,0.419,1.587,1.144,31.48,0.751,34.78,31600.0,31241.0,359.0,1.14,242517.0,0.7185,92.7,0.826,Low
MN-IND-0454,Karnataka,Uttara Kannada,North Kanara Low-grade Belt,Lateritic Manganese Cap,15.17475,74.57486,428.1,1219.4,0.273,0.357,1.514,1.34,31.34,0.773,30.41,28570.0,26731.0,1839.0,6.44,235500.0,0.7424,88.4,0.607,High
MN-IND-0455,Karnataka,Uttara Kannada,North Kanara Low-grade Belt,Lateritic Manganese Cap,15.12743,74.52917,272.0,1171.3,0.285,0.392,1.375,1.242,35.13,0.648,30.06,37094.0,32884.0,4210.0,11.35,206139.0,0.6771,86.6,0.655,Medium
MN-IND-0456,Karnataka,Uttara Kannada,North Kanara Low-grade Belt,Lateritic Manganese Cap,15.22676,74.5908,377.8,1236.9,0.356,0.538,1.287,1.127,29.53,0.555,34.15,42177.0,43345.0,0.0,0.0,219235.0,0.5886,85.6,0.79,Low
MN-IND-0457,Karnataka,Uttara Kannada,North Kanara Low-grade Belt,Lateritic Manganese Cap,15.19312,74.59424,434.4,1381.9,0.277,0.387,1.271,1.409,33.71,0.68,31.38,46266.0,46489.0,0.0,0.0,236913.0,0.6864,83.4,0.803,Low
MN-IND-0458,Karnataka,Uttara Kannada,North Kanara Low-grade Belt,Lateritic Manganese Cap,15.16969,74.54653,394.2,1220.9,0.266,0.299,1.621,1.407,30.52,0.862,35.23,38020.0,39124.0,0.0,0.0,241300.0,0.7995,87.3,0.75,Low
MN-IND-0459,Karnataka,Uttara Kannada,North Kanara Low-grade Belt,Lateritic Manganese Cap,15.26938,74.59971,366.8,1388.5,0.282,0.27,1.472,1.257,31.47,0.777,32.37,41734.0,41747.0,0.0,0.0,224292.0,0.7453,84.5,0.9,Low
MN-IND-0460,Karnataka,Uttara Kannada,North Kanara Low-grade Belt,Lateritic Manganese Cap,15.16297,74.68899,499.3,1351.6,0.304,0.332,1.412,1.386,36.37,0.603,31.01,26479.0,26865.0,0.0,0.0,211283.0,0.6898,89.7,0.856,Low
MN-IND-0461,Karnataka,Uttara Kannada,North Kanara Low-grade Belt,Lateritic Manganese Cap,15.0907,74.74306,455.2,1082.9,0.252,0.361,1.513,1.37,33.56,0.781,31.88,25506.0,21125.0,4381.0,17.18,217621.0,0.7524,97.0,0.736,Medium
MN-IND-0462,Karnataka,Uttara Kannada,North Kanara Low-grade Belt,Lateritic Manganese Cap,15.16716,74.54603,392.4,1329.5,0.315,0.455,1.29,1.21,36.72,0.634,29.57,34741.0,34887.0,0.0,0.0,224454.0,0.6533,88.0,0.846,Low
MN-IND-0463,Karnataka,Uttara Kannada,North Kanara Low-grade Belt,Lateritic Manganese Cap,15.11271,74.57155,498.1,1115.0,0.268,0.341,1.325,1.146,30.38,0.67,31.96,37307.0,36481.0,826.0,2.21,178110.0,0.6668,87.1,0.744,Low
MN-IND-0464,Karnataka,Uttara Kannada,North Kanara Low-grade Belt,Lateritic Manganese Cap,15.13002,74.66228,367.7,1223.7,0.319,0.406,1.662,1.323,32.85,0.758,31.89,32448.0,34853.0,0.0,0.0,233358.0,0.7506,89.6,0.922,Low
MN-IND-0465,Karnataka,Uttara Kannada,North Kanara Low-grade Belt,Lateritic Manganese Cap,15.16854,74.58808,660.3,1205.8,0.257,0.398,1.591,1.262,36.41,0.77,31.07,21729.0,22595.0,0.0,0.0,253266.0,0.7506,90.9,0.887,Low
MN-IND-0466,Karnataka,Uttara Kannada,North Kanara Low-grade Belt,Lateritic Manganese Cap,15.29451,74.60979,497.2,1249.3,0.267,0.337,1.572,1.195,34.33,0.813,33.85,33036.0,30826.0,2210.0,6.69,257388.0,0.7616,92.3,0.711,Medium
MN-IND-0467,Karnataka,Uttara Kannada,North Kanara Low-grade Belt,Lateritic Manganese Cap,15.23971,74.67572,322.2,1481.7,0.245,0.41,1.435,1.407,33.35,0.794,32.07,47433.0,48012.0,0.0,0.0,240143.0,0.7426,90.4,0.813,Low
MN-IND-0468,Karnataka,Uttara Kannada,North Kanara Low-grade Belt,Lateritic Manganese Cap,15.08741,74.60313,583.8,1340.4,0.285,0.4,1.421,1.372,33.45,0.685,32.94,47290.0,46745.0,545.0,1.15,194662.0,0.7013,86.3,0.805,Low
MN-IND-0469,Karnataka,Uttara Kannada,North Kanara Low-grade Belt,Lateritic Manganese Cap,15.18605,74.48787,281.2,1194.6,0.268,0.279,1.659,1.389,32.76,0.86,29.07,33803.0,35688.0,0.0,0.0,227840.0,0.8104,85.4,0.888,Low
MN-IND-0470,Karnataka,Uttara Kannada,North Kanara Low-grade Belt,Lateritic Manganese Cap,15.12189,74.6859,346.6,1182.3,0.246,0.367,1.53,1.215,36.95,0.83,31.38,36359.0,36483.0,0.0,0.0,234422.0,0.766,89.5,0.734,Medium
MN-IND-0471,Karnataka,Uttara Kannada,North Kanara Low-grade Belt,Lateritic Manganese Cap,15.19025,74.64201,361.9,1495.3,0.339,0.438,1.485,1.388,33.79,0.745,31.94,36171.0,36689.0,0.0,0.0,230790.0,0.7269,88.1,0.833,Low
MN-IND-0472,Karnataka,Uttara Kannada,North Kanara Low-grade Belt,Lateritic Manganese Cap,15.25809,74.69307,457.1,1185.4,0.259,0.358,1.639,1.389,33.07,0.786,32.12,13716.0,14303.0,0.0,0.0,255551.0,0.7709,93.6,0.713,Medium
MN-IND-0473,Karnataka,Uttara Kannada,North Kanara Low-grade Belt,Lateritic Manganese Cap,15.09495,74.60411,398.2,1473.7,0.319,0.306,1.471,1.374,35.03,0.743,34.65,20702.0,21440.0,0.0,0.0,216773.0,0.7459,89.4,0.899,Low
MN-IND-0474,Karnataka,Uttara Kannada,North Kanara Low-grade Belt,Lateritic Manganese Cap,15.1099,74.63615,325.6,1274.3,0.229,0.275,1.353,1.108,31.93,0.621,29.96,32323.0,34358.0,0.0,0.0,225786.0,0.6636,83.9,0.894,Low
MN-IND-0475,Karnataka,Uttara Kannada,North Kanara Low-grade Belt,Lateritic Manganese Cap,15.01423,74.70333,531.2,1095.3,0.221,0.421,1.563,1.615,28.32,0.827,29.59,15569.0,16400.0,0.0,0.0,264359.0,0.7738,90.2,0.793,Low
MN-IND-0476,Karnataka,Uttara Kannada,North Kanara Low-grade Belt,Lateritic Manganese Cap,15.29546,74.63538,358.2,1243.6,0.288,0.457,1.425,1.267,32.64,0.705,31.45,47948.0,49047.0,0.0,0.0,235436.0,0.6897,91.7,0.813,Low
MN-IND-0477,Karnataka,Uttara Kannada,North Kanara Low-grade Belt,Lateritic Manganese Cap,15.1961,74.53932,409.4,1470.3,0.243,0.53,1.389,0.981,30.94,0.54,32.39,27787.0,27339.0,448.0,1.61,199755.0,0.5886,80.9,0.752,Low
MN-IND-0478,Karnataka,Uttara Kannada,North Kanara Low-grade Belt,Lateritic Manganese Cap,15.06003,74.58035,345.5,1218.0,0.281,0.357,1.6,1.439,34.16,0.844,33.73,17375.0,16455.0,920.0,5.29,243637.0,0.7932,85.6,0.824,Low
MN-IND-0479,Karnataka,Uttara Kannada,North Kanara Low-grade Belt,Lateritic Manganese Cap,15.15905,74.68357,500.6,1408.3,0.328,0.42,1.709,1.45,33.85,0.802,34.2,46917.0,48800.0,0.0,0.0,225240.0,0.7828,90.5,0.845,Low
MN-IND-0480,Karnataka,Uttara Kannada,North Kanara Low-grade Belt,Lateritic Manganese Cap,15.1228,74.614,469.3,1163.1,0.257,0.449,1.444,1.354,32.73,0.64,32.96,11526.0,12373.0,0.0,0.0,227542.0,0.6779,89.6,0.728,Medium
MN-IND-0481,Karnataka,Uttara Kannada,North Kanara Low-grade Belt,Lateritic Manganese Cap,15.05826,74.49753,389.1,1276.0,0.273,0.563,1.491,1.319,29.68,0.595,32.89,27999.0,31320.0,0.0,0.0,194815.0,0.6407,85.8,0.881,Low
MN-IND-0482,Andhra Pradesh,Vizianagaram (Garbham),Garbham-Chipurupalle Belt,Kodurite Series (Apatite-Mn),18.2916,83.59095,427.0,1112.5,0.21,0.418,1.539,1.29,32.1,0.796,37.55,38992.0,39444.0,0.0,0.0,310309.0,0.7422,90.3,0.835,Low
MN-IND-0483,Andhra Pradesh,Vizianagaram (Garbham),Garbham-Chipurupalle Belt,Kodurite Series (Apatite-Mn),18.4009,83.54779,591.6,1226.5,0.257,0.291,1.557,1.285,30.82,0.71,37.06,47020.0,48618.0,0.0,0.0,310738.0,0.73,85.8,0.877,Low
MN-IND-0484,Andhra Pradesh,Vizianagaram (Garbham),Garbham-Chipurupalle Belt,Kodurite Series (Apatite-Mn),18.30866,83.50244,585.2,1390.4,0.211,0.29,1.57,1.249,31.8,0.831,38.32,37650.0,37872.0,0.0,0.0,330825.0,0.7733,93.7,0.902,Low
MN-IND-0485,Andhra Pradesh,Vizianagaram (Garbham),Garbham-Chipurupalle Belt,Kodurite Series (Apatite-Mn),18.35762,83.58248,536.9,1475.1,0.328,0.394,0.981,1.376,34.35,0.541,37.98,12746.0,12322.0,424.0,3.33,323127.0,0.5992,83.5,0.838,Low
MN-IND-0486,Andhra Pradesh,Vizianagaram (Garbham),Garbham-Chipurupalle Belt,Kodurite Series (Apatite-Mn),18.4078,83.49467,533.9,1196.5,0.292,0.389,1.728,1.342,31.56,0.809,36.33,25240.0,26479.0,0.0,0.0,316215.0,0.7778,94.3,0.789,Low
MN-IND-0487,Andhra Pradesh,Vizianagaram (Garbham),Garbham-Chipurupalle Belt,Kodurite Series (Apatite-Mn),18.49704,83.55377,254.3,1197.1,0.237,0.488,1.502,1.112,33.27,0.548,29.9,17089.0,17894.0,0.0,0.0,297052.0,0.6283,82.9,0.817,Low
MN-IND-0488,Andhra Pradesh,Vizianagaram (Garbham),Garbham-Chipurupalle Belt,Kodurite Series (Apatite-Mn),18.22643,83.74993,480.4,1160.4,0.241,0.535,1.464,1.263,32.45,0.773,38.63,29490.0,29935.0,0.0,0.0,311175.0,0.7057,90.8,0.856,Low
MN-IND-0489,Andhra Pradesh,Vizianagaram (Garbham),Garbham-Chipurupalle Belt,Kodurite Series (Apatite-Mn),18.40566,83.53532,465.8,1158.1,0.237,0.464,1.544,1.411,34.41,0.896,34.11,12229.0,10356.0,1873.0,15.32,345056.0,0.7866,93.3,0.822,Medium
MN-IND-0490,Andhra Pradesh,Vizianagaram (Garbham),Garbham-Chipurupalle Belt,Kodurite Series (Apatite-Mn),18.1215,83.49684,423.0,1238.7,0.335,0.315,1.615,1.638,36.41,0.897,36.5,33952.0,32522.0,1430.0,4.21,378921.0,0.8416,90.2,0.762,Low
MN-IND-0491,Andhra Pradesh,Vizianagaram (Garbham),Garbham-Chipurupalle Belt,Kodurite Series (Apatite-Mn),18.25372,83.41346,335.0,1181.0,0.392,0.501,1.734,1.412,32.45,0.848,35.33,37960.0,36924.0,1036.0,2.73,351956.0,0.7833,92.2,0.74,Low
MN-IND-0492,Andhra Pradesh,Vizianagaram (Garbham),Garbham-Chipurupalle Belt,Kodurite Series (Apatite-Mn),18.33757,83.51798,333.1,1462.8,0.268,0.667,1.221,1.14,32.95,0.513,35.1,20748.0,18009.0,2739.0,13.2,290994.0,0.5556,77.9,0.699,Medium
MN-IND-0493,Andhra Pradesh,Vizianagaram (Garbham),Garbham-Chipurupalle Belt,Kodurite Series (Apatite-Mn),18.32111,83.63707,508.3,1150.8,0.332,0.381,1.413,1.104,33.38,0.634,31.79,27738.0,28828.0,0.0,0.0,323711.0,0.663,88.0,0.78,Low
MN-IND-0494,Andhra Pradesh,Vizianagaram (Garbham),Garbham-Chipurupalle Belt,Kodurite Series (Apatite-Mn),18.25645,83.54936,545.9,1167.7,0.332,0.487,1.355,1.11,31.62,0.532,36.91,21559.0,19188.0,2371.0,11.0,318866.0,0.6003,82.9,0.762,Low
MN-IND-0495,Andhra Pradesh,Vizianagaram (Garbham),Garbham-Chipurupalle Belt,Kodurite Series (Apatite-Mn),18.35732,83.56385,391.4,1266.9,0.309,0.443,1.414,1.271,32.77,0.766,36.5,28085.0,27016.0,1069.0,3.81,335038.0,0.7122,89.7,0.827,Low
MN-IND-0496,Andhra Pradesh,Vizianagaram (Garbham),Garbham-Chipurupalle Belt,Kodurite Series (Apatite-Mn),18.39928,83.54317,484.1,1234.0,0.323,0.473,1.397,1.345,30.5,0.59,36.6,14891.0,13995.0,896.0,6.02,311064.0,0.6449,86.7,0.789,Low
MN-IND-0497,Andhra Pradesh,Vizianagaram (Garbham),Garbham-Chipurupalle Belt,Kodurite Series (Apatite-Mn),18.4545,83.42185,352.2,1228.2,0.309,0.259,1.531,1.257,35.03,0.858,37.85,9810.0,10950.0,0.0,0.0,357959.0,0.7909,89.4,0.863,Low
MN-IND-0498,Andhra Pradesh,Vizianagaram (Garbham),Garbham-Chipurupalle Belt,Kodurite Series (Apatite-Mn),18.2681,83.60137,244.4,923.7,0.302,0.562,1.436,1.375,30.7,0.609,34.89,24588.0,23312.0,1276.0,5.19,333561.0,0.646,88.6,0.707,Medium
MN-IND-0499,Andhra Pradesh,Vizianagaram (Garbham),Garbham-Chipurupalle Belt,Kodurite Series (Apatite-Mn),18.35567,83.67445,261.8,1352.6,0.326,0.552,1.469,1.222,34.72,0.711,36.83,31518.0,30232.0,1286.0,4.08,323836.0,0.684,81.0,0.725,Medium
MN-IND-0500,Andhra Pradesh,Vizianagaram (Garbham),Garbham-Chipurupalle Belt,Kodurite Series (Apatite-Mn),18.33256,83.46843,399.4,1271.1,0.297,0.363,1.592,1.252,32.86,0.779,38.49,10236.0,11035.0,0.0,0.0,341887.0,0.7497,86.7,0.785,Low
MN-IND-0501,Andhra Pradesh,Vizianagaram (Garbham),Garbham-Chipurupalle Belt,Kodurite Series (Apatite-Mn),18.2876,83.47163,465.9,1452.4,0.296,0.303,1.604,1.439,33.17,0.857,38.56,34611.0,34303.0,308.0,0.89,347147.0,0.8039,90.6,0.713,Medium
MN-IND-0502,Andhra Pradesh,Vizianagaram (Garbham),Garbham-Chipurupalle Belt,Kodurite Series (Apatite-Mn),18.273,83.52656,541.3,1584.4,0.369,0.417,1.72,1.349,30.22,0.886,37.61,38759.0,35744.0,3015.0,7.78,370089.0,0.7968,95.1,0.805,High
MN-IND-0503,Andhra Pradesh,Vizianagaram (Garbham),Garbham-Chipurupalle Belt,Kodurite Series (Apatite-Mn),18.42295,83.4665,380.7,1599.5,0.233,0.486,1.618,1.273,29.98,0.729,34.45,21436.0,19501.0,1935.0,9.03,340737.0,0.7121,87.6,0.72,High
MN-IND-0504,Andhra Pradesh,Vizianagaram (Garbham),Garbham-Chipurupalle Belt,Kodurite Series (Apatite-Mn),18.25051,83.57096,502.7,1066.2,0.369,0.392,1.562,1.389,31.94,0.755,36.71,45965.0,46877.0,0.0,0.0,325702.0,0.7425,92.7,0.782,Low
MN-IND-0505,Andhra Pradesh,Vizianagaram (Garbham),Garbham-Chipurupalle Belt,Kodurite Series (Apatite-Mn),18.35143,83.71803,515.6,1119.7,0.344,0.31,1.499,1.413,36.03,0.669,32.36,42268.0,43330.0,0.0,0.0,305918.0,0.7284,87.2,0.753,Low
MN-IND-0506,Andhra Pradesh,Vizianagaram (Garbham),Garbham-Chipurupalle Belt,Kodurite Series (Apatite-Mn),18.2262,83.48157,304.4,1336.8,0.239,0.537,1.306,1.218,27.66,0.636,36.73,25446.0,24838.0,608.0,2.39,302588.0,0.6227,82.5,0.747,Low
MN-IND-0507,Andhra Pradesh,Vizianagaram (Garbham),Garbham-Chipurupalle Belt,Kodurite Series (Apatite-Mn),18.38124,83.60601,511.2,1170.2,0.297,0.575,1.478,1.208,29.58,0.603,37.23,41815.0,45663.0,0.0,0.0,323499.0,0.6308,88.8,0.886,Low
MN-IND-0508,Andhra Pradesh,Vizianagaram (Garbham),Garbham-Chipurupalle Belt,Kodurite Series (Apatite-Mn),18.41775,83.47872,350.3,969.0,0.224,0.411,1.376,1.309,34.99,0.689,35.16,12635.0,14580.0,0.0,0.0,323261.0,0.6938,87.1,0.838,Low
MN-IND-0509,Andhra Pradesh,Vizianagaram (Garbham),Garbham-Chipurupalle Belt,Kodurite Series (Apatite-Mn),18.49168,83.63453,468.4,1044.4,0.27,0.245,1.769,1.423,35.47,0.899,32.74,18040.0,19128.0,0.0,0.0,366854.0,0.852,89.4,0.838,Low
MN-IND-0510,Andhra Pradesh,Vizianagaram (Garbham),Garbham-Chipurupalle Belt,Kodurite Series (Apatite-Mn),18.23342,83.65808,250.8,1347.5,0.32,0.453,1.413,1.336,33.85,0.714,36.11,30478.0,32787.0,0.0,0.0,368268.0,0.7005,86.7,0.824,Low
MN-IND-0511,Andhra Pradesh,Vizianagaram (Garbham),Garbham-Chipurupalle Belt,Kodurite Series (Apatite-Mn),18.48303,83.45035,485.9,1373.5,0.257,0.451,1.419,1.24,32.06,0.83,36.43,42432.0,45604.0,0.0,0.0,351650.0,0.7298,90.6,0.819,Low
MN-IND-0512,Andhra Pradesh,Vizianagaram (Garbham),Garbham-Chipurupalle Belt,Kodurite Series (Apatite-Mn),18.33891,83.31461,412.8,1358.1,0.335,0.321,1.442,1.221,34.95,0.64,37.09,46852.0,45434.0,1418.0,3.03,339330.0,0.6909,86.2,0.731,Medium
MN-IND-0513,Andhra Pradesh,Vizianagaram (Garbham),Garbham-Chipurupalle Belt,Kodurite Series (Apatite-Mn),18.29669,83.4839,283.5,1285.2,0.266,0.523,1.372,1.408,31.73,0.651,37.3,31759.0,28957.0,2802.0,8.82,331181.0,0.6637,84.7,0.617,High
MN-IND-0514,Andhra Pradesh,Vizianagaram (Garbham),Garbham-Chipurupalle Belt,Kodurite Series (Apatite-Mn),18.26919,83.50008,471.6,1305.4,0.219,0.241,1.327,1.353,34.87,0.764,36.09,30066.0,26809.0,3257.0,10.83,330918.0,0.7428,86.5,0.677,Medium
MN-IND-0515,Andhra Pradesh,Vizianagaram (Garbham),Garbham-Chipurupalle Belt,Kodurite Series (Apatite-Mn),18.35299,83.48104,517.8,1156.0,0.287,0.46,1.64,1.22,27.18,0.716,34.98,19687.0,22895.0,0.0,0.0,326641.0,0.7029,88.9,0.911,Low
MN-IND-0516,Andhra Pradesh,Vizianagaram (Garbham),Garbham-Chipurupalle Belt,Kodurite Series (Apatite-Mn),18.25552,83.37679,296.6,1260.0,0.254,0.461,1.373,1.14,30.84,0.62,36.92,35441.0,38430.0,0.0,0.0,321798.0,0.638,86.7,0.784,Low
MN-IND-0517,Andhra Pradesh,Vizianagaram (Garbham),Garbham-Chipurupalle Belt,Kodurite Series (Apatite-Mn),18.2077,83.49393,393.3,1127.7,0.227,0.352,1.223,1.309,33.25,0.668,33.19,9524.0,10507.0,0.0,0.0,310523.0,0.672,88.5,0.815,Low
MN-IND-0518,Andhra Pradesh,Vizianagaram (Garbham),Garbham-Chipurupalle Belt,Kodurite Series (Apatite-Mn),18.22947,83.46121,359.5,1016.6,0.282,0.458,1.557,1.335,34.51,0.714,37.86,34867.0,34241.0,626.0,1.8,347817.0,0.7191,85.6,0.801,Low
MN-IND-0519,Andhra Pradesh,Srikakulam,Srikakulam Manganese Complex,Kodurite / Khondalite Contact,18.29162,83.76742,323.4,1367.3,0.224,0.388,1.461,1.571,32.74,0.827,36.93,12203.0,10154.0,2049.0,16.79,320100.0,0.7726,90.2,0.62,Medium
MN-IND-0520,Andhra Pradesh,Srikakulam,Srikakulam Manganese Complex,Kodurite / Khondalite Contact,18.30679,83.8394,369.3,1111.1,0.306,0.4,1.471,1.297,32.64,0.794,34.74,19444.0,19816.0,0.0,0.0,301649.0,0.7377,89.5,0.846,Low
MN-IND-0521,Andhra Pradesh,Srikakulam,Srikakulam Manganese Complex,Kodurite / Khondalite Contact,18.31519,83.90582,469.2,956.4,0.25,0.38,1.643,1.198,32.75,0.736,32.94,21642.0,23963.0,0.0,0.0,297143.0,0.7338,91.0,0.792,Low
MN-IND-0522,Andhra Pradesh,Srikakulam,Srikakulam Manganese Complex,Kodurite / Khondalite Contact,18.25539,83.85854,311.7,1573.1,0.239,0.307,1.441,1.307,34.82,0.841,36.51,26817.0,24492.0,2325.0,8.67,319419.0,0.7702,87.4,0.819,High
MN-IND-0523,Andhra Pradesh,Srikakulam,Srikakulam Manganese Complex,Kodurite / Khondalite Contact,18.40823,84.03525,329.7,1000.4,0.289,0.44,1.281,1.13,32.05,0.485,32.32,29410.0,27972.0,1438.0,4.89,292302.0,0.5843,83.4,0.725,Medium
MN-IND-0524,Andhra Pradesh,Srikakulam,Srikakulam Manganese Complex,Kodurite / Khondalite Contact,18.39646,83.86285,385.2,1178.2,0.308,0.324,1.625,1.427,31.75,0.831,33.8,35244.0,36265.0,0.0,0.0,310117.0,0.7898,87.1,0.829,Low
MN-IND-0525,Andhra Pradesh,Srikakulam,Srikakulam Manganese Complex,Kodurite / Khondalite Contact,18.43237,83.93448,269.2,1153.4,0.306,0.461,1.496,1.242,32.25,0.68,33.83,15613.0,15275.0,338.0,2.16,267846.0,0.6861,88.8,0.666,Medium
MN-IND-0526,Andhra Pradesh,Srikakulam,Srikakulam Manganese Complex,Kodurite / Khondalite Contact,18.25458,83.90908,360.8,1347.3,0.269,0.348,1.475,1.22,29.7,0.679,34.04,11779.0,12826.0,0.0,0.0,274421.0,0.6922,90.2,0.795,Low
MN-IND-0527,Andhra Pradesh,Srikakulam,Srikakulam Manganese Complex,Kodurite / Khondalite Contact,18.22109,83.94217,449.9,1028.0,0.277,0.38,1.43,1.044,30.82,0.664,33.81,9043.0,11948.0,0.0,0.0,306570.0,0.6647,91.1,0.841,Low
MN-IND-0528,Andhra Pradesh,Srikakulam,Srikakulam Manganese Complex,Kodurite / Khondalite Contact,18.24062,83.84048,429.1,967.1,0.295,0.321,1.529,1.364,33.82,0.754,34.61,32426.0,33281.0,0.0,0.0,301938.0,0.751,91.7,0.721,Medium
MN-IND-0529,Andhra Pradesh,Srikakulam,Srikakulam Manganese Complex,Kodurite / Khondalite Contact,18.24058,83.85023,279.5,1192.2,0.376,0.445,1.434,1.218,31.44,0.593,35.36,35258.0,34718.0,540.0,1.53,296191.0,0.6464,83.9,0.794,Low
MN-IND-0530,Andhra Pradesh,Srikakulam,Srikakulam Manganese Complex,Kodurite / Khondalite Contact,18.24172,84.0123,487.3,1263.7,0.296,0.501,1.441,1.012,32.2,0.588,36.4,9723.0,10704.0,0.0,0.0,275597.0,0.6218,85.6,0.912,Low
MN-IND-0531,Andhra Pradesh,Srikakulam,Srikakulam Manganese Complex,Kodurite / Khondalite Contact,18.26735,83.9117,451.6,1339.6,0.316,0.458,1.157,1.243,33.68,0.597,34.85,18703.0,21465.0,0.0,0.0,267502.0,0.6187,85.9,0.911,Low
MN-IND-0532,Andhra Pradesh,Srikakulam,Srikakulam Manganese Complex,Kodurite / Khondalite Contact,18.21277,83.84284,362.3,1299.2,0.276,0.472,1.541,1.272,30.36,0.715,33.76,28270.0,26678.0,1592.0,5.63,289219.0,0.7004,85.4,0.76,Low
MN-IND-0533,Andhra Pradesh,Srikakulam,Srikakulam Manganese Complex,Kodurite / Khondalite Contact,18.17955,83.87139,369.7,1466.4,0.3,0.423,1.59,1.296,34.79,0.814,34.62,13625.0,13356.0,269.0,1.97,339176.0,0.761,90.4,0.832,Low
MN-IND-0534,Andhra Pradesh,Srikakulam,Srikakulam Manganese Complex,Kodurite / Khondalite Contact,18.22748,83.90146,496.8,1193.7,0.293,0.405,1.443,1.275,32.46,0.73,36.24,20874.0,20709.0,165.0,0.79,285543.0,0.7086,92.1,0.806,Low
MN-IND-0535,Andhra Pradesh,Srikakulam,Srikakulam Manganese Complex,Kodurite / Khondalite Contact,18.23288,83.93361,255.9,1264.7,0.327,0.371,1.483,1.176,33.34,0.749,35.46,43819.0,40851.0,2968.0,6.77,325872.0,0.7193,90.3,0.645,Medium
MN-IND-0536,Andhra Pradesh,Srikakulam,Srikakulam Manganese Complex,Kodurite / Khondalite Contact,18.39878,83.88642,470.9,1125.9,0.243,0.324,1.49,1.322,32.71,0.687,35.88,14332.0,14344.0,0.0,0.0,291743.0,0.7161,89.6,0.841,Low
MN-IND-0537,Andhra Pradesh,Srikakulam,Srikakulam Manganese Complex,Kodurite / Khondalite Contact,18.29653,83.92156,412.1,1540.5,0.283,0.422,1.542,1.236,31.73,0.793,34.58,36213.0,36391.0,0.0,0.0,304203.0,0.7357,86.7,0.839,Low
MN-IND-0538,Andhra Pradesh,Srikakulam,Srikakulam Manganese Complex,Kodurite / Khondalite Contact,18.23351,83.89813,438.1,1311.8,0.344,0.404,1.495,1.395,32.29,0.712,35.57,29791.0,30766.0,0.0,0.0,279019.0,0.7186,87.0,0.898,Low
MN-IND-0539,Andhra Pradesh,Srikakulam,Srikakulam Manganese Complex,Kodurite / Khondalite Contact,18.40188,84.06796,389.6,1420.0,0.207,0.334,1.62,1.478,32.64,0.897,34.9,41581.0,39583.0,1998.0,4.81,320963.0,0.8174,95.1,0.696,Medium
MN-IND-0540,Andhra Pradesh,Srikakulam,Srikakulam Manganese Complex,Kodurite / Khondalite Contact,18.09931,83.981,351.0,1106.8,0.313,0.507,1.247,1.329,33.26,0.818,34.41,36083.0,33479.0,2604.0,7.22,316001.0,0.7062,86.5,0.73,Medium
MN-IND-0541,Andhra Pradesh,Srikakulam,Srikakulam Manganese Complex,Kodurite / Khondalite Contact,18.09465,83.82264,444.4,1134.2,0.285,0.317,1.5,1.35,37.66,0.757,34.26,24817.0,23904.0,913.0,3.68,293918.0,0.7571,88.0,0.676,Medium
MN-IND-0542,Andhra Pradesh,Srikakulam,Srikakulam Manganese Complex,Kodurite / Khondalite Contact,18.29314,83.8967,378.8,1252.1,0.287,0.384,1.549,1.237,33.47,0.769,34.8,29297.0,29646.0,0.0,0.0,308820.0,0.7378,87.1,0.794,Low
MN-IND-0543,Andhra Pradesh,Srikakulam,Srikakulam Manganese Complex,Kodurite / Khondalite Contact,18.31878,84.04481,498.3,991.9,0.233,0.509,1.41,1.341,33.99,0.596,36.69,14039.0,15755.0,0.0,0.0,278060.0,0.6513,85.3,0.789,Low
MN-IND-0544,Andhra Pradesh,Srikakulam,Srikakulam Manganese Complex,Kodurite / Khondalite Contact,18.25973,83.87839,405.3,1239.3,0.264,0.372,1.639,1.39,31.67,0.945,36.93,11008.0,10416.0,592.0,5.38,294951.0,0.8209,98.0,0.759,Low
MN-IND-0545,Andhra Pradesh,Srikakulam,Srikakulam Manganese Complex,Kodurite / Khondalite Contact,18.32985,83.88605,420.7,1065.9,0.305,0.401,1.591,1.429,32.12,0.78,37.8,35457.0,35733.0,0.0,0.0,317436.0,0.7574,94.2,0.741,Low
MN-IND-0546,Andhra Pradesh,Srikakulam,Srikakulam Manganese Complex,Kodurite / Khondalite Contact,18.23992,83.88918,416.7,1596.4,0.276,0.364,1.88,1.557,32.51,0.886,39.27,45704.0,45401.0,303.0,0.66,329050.0,0.8477,92.0,0.832,High
MN-IND-0547,Andhra Pradesh,Srikakulam,Srikakulam Manganese Complex,Kodurite / Khondalite Contact,18.20241,84.01795,464.7,968.7,0.253,0.386,1.651,1.249,30.19,0.685,35.92,20157.0,20655.0,0.0,0.0,288547.0,0.7141,85.5,0.783,Low
MN-IND-0548,Andhra Pradesh,Srikakulam,Srikakulam Manganese Complex,Kodurite / Khondalite Contact,18.15014,83.98354,332.1,1305.6,0.333,0.308,1.539,1.334,36.27,0.67,32.91,34125.0,33493.0,632.0,1.85,286314.0,0.7281,87.4,0.824,Low
MN-IND-0549,Andhra Pradesh,Srikakulam,Srikakulam Manganese Complex,Kodurite / Khondalite Contact,18.34963,83.90094,392.1,1379.8,0.263,0.34,1.622,1.171,32.18,0.889,33.09,46424.0,43520.0,2904.0,6.26,328391.0,0.7873,91.7,0.679,Medium
MN-IND-0550,Andhra Pradesh,Srikakulam,Srikakulam Manganese Complex,Kodurite / Khondalite Contact,18.50778,83.8232,595.6,1150.0,0.354,0.266,1.33,1.294,35.11,0.773,35.84,17207.0,17642.0,0.0,0.0,286570.0,0.7384,94.4,0.784,Low
MN-IND-0551,Andhra Pradesh,Srikakulam,Srikakulam Manganese Complex,Kodurite / Khondalite Contact,18.17826,83.86272,469.8,978.3,0.224,0.611,1.485,1.368,32.81,0.703,32.41,39730.0,40726.0,0.0,0.0,288831.0,0.6823,87.4,0.865,Low
MN-IND-0552,Andhra Pradesh,Srikakulam,Srikakulam Manganese Complex,Kodurite / Khondalite Contact,18.27408,83.96593,398.3,1200.2,0.243,0.528,1.385,1.344,32.33,0.558,33.45,35233.0,32201.0,3032.0,8.61,292041.0,0.6281,86.4,0.743,Low
MN-IND-0553,Andhra Pradesh,Srikakulam,Srikakulam Manganese Complex,Kodurite / Khondalite Contact,18.27375,83.99524,439.5,1243.0,0.295,0.414,1.536,1.163,34.48,0.674,32.21,26819.0,27657.0,0.0,0.0,300420.0,0.6948,93.6,0.657,Medium
MN-IND-0554,Andhra Pradesh,Srikakulam,Srikakulam Manganese Complex,Kodurite / Khondalite Contact,18.38078,83.86031,347.4,1277.3,0.37,0.224,1.627,1.256,33.84,0.849,36.36,32216.0,32242.0,0.0,0.0,304504.0,0.8022,91.1,0.776,Low
MN-IND-0555,Andhra Pradesh,Srikakulam,Srikakulam Manganese Complex,Kodurite / Khondalite Contact,18.35677,83.9318,351.4,1106.3,0.232,0.262,1.492,1.425,33.91,0.979,37.08,11119.0,11300.0,0.0,0.0,343668.0,0.8393,96.4,0.783,Low
MN-IND-0556,Jharkhand,West Singhbhum (Chaibasa),Singhbhum Craton Belt,Kolhan Group Conglomerate / Shale,22.55818,85.87251,474.5,1146.8,0.222,0.53,1.476,1.433,33.17,0.683,34.28,18998.0,20221.0,0.0,0.0,337184.0,0.6924,86.8,0.85,Low
MN-IND-0557,Jharkhand,West Singhbhum (Chaibasa),Singhbhum Craton Belt,Kolhan Group Conglomerate / Shale,22.58404,85.8368,363.8,1142.2,0.249,0.461,1.355,1.367,30.32,0.769,39.84,42708.0,40341.0,2367.0,5.54,333537.0,0.7055,88.5,0.767,Low
MN-IND-0558,Jharkhand,West Singhbhum (Chaibasa),Singhbhum Craton Belt,Kolhan Group Conglomerate / Shale,22.51379,85.77517,350.5,1316.5,0.336,0.358,1.502,1.049,34.55,0.653,38.28,32453.0,35330.0,0.0,0.0,324742.0,0.6823,89.1,0.877,Low
MN-IND-0559,Jharkhand,West Singhbhum (Chaibasa),Singhbhum Craton Belt,Kolhan Group Conglomerate / Shale,22.56952,85.78142,329.9,1213.0,0.251,0.27,1.501,1.166,33.92,0.648,35.47,21418.0,24249.0,0.0,0.0,334800.0,0.702,94.4,0.837,Low
MN-IND-0560,Jharkhand,West Singhbhum (Chaibasa),Singhbhum Craton Belt,Kolhan Group Conglomerate / Shale,22.58908,85.78094,518.8,936.2,0.238,0.435,1.476,1.247,33.97,0.614,36.68,17618.0,16737.0,881.0,5.0,365550.0,0.6688,89.5,0.653,Medium
MN-IND-0561,Jharkhand,West Singhbhum (Chaibasa),Singhbhum Craton Belt,Kolhan Group Conglomerate / Shale,22.46226,85.78547,443.9,1182.1,0.227,0.265,1.489,1.487,36.22,0.677,38.1,46804.0,48108.0,0.0,0.0,341984.0,0.7436,81.4,0.788,Low
MN-IND-0562,Jharkhand,West Singhbhum (Chaibasa),Singhbhum Craton Belt,Kolhan Group Conglomerate / Shale,22.65776,85.6225,321.5,1293.6,0.336,0.51,1.437,1.142,31.72,0.567,38.61,16880.0,15740.0,1140.0,6.75,336242.0,0.6224,83.6,0.606,High
MN-IND-0563,Jharkhand,West Singhbhum (Chaibasa),Singhbhum Craton Belt,Kolhan Group Conglomerate / Shale,22.53196,85.76799,334.4,1033.0,0.282,0.487,1.587,1.298,29.68,0.589,36.93,43483.0,41090.0,2393.0,5.5,321510.0,0.6604,88.2,0.744,Low
MN-IND-0564,Jharkhand,West Singhbhum (Chaibasa),Singhbhum Craton Belt,Kolhan Group Conglomerate / Shale,22.49313,85.8843,479.0,1182.4,0.205,0.404,1.608,1.404,32.31,0.856,38.13,35430.0,37512.0,0.0,0.0,353921.0,0.7838,94.7,0.79,Low
MN-IND-0565,Jharkhand,West Singhbhum (Chaibasa),Singhbhum Craton Belt,Kolhan Group Conglomerate / Shale,22.51364,85.79151,491.7,1163.8,0.274,0.352,1.724,1.623,35.14,0.893,37.61,32839.0,34153.0,0.0,0.0,370533.0,0.8443,95.9,0.817,Low
MN-IND-0566,Jharkhand,West Singhbhum (Chaibasa),Singhbhum Craton Belt,Kolhan Group Conglomerate / Shale,22.60714,85.67021,365.7,1383.4,0.322,0.475,1.301,1.127,31.48,0.566,37.44,21055.0,21477.0,0.0,0.0,308054.0,0.6085,89.0,0.865,Low
MN-IND-0567,Jharkhand,West Singhbhum (Chaibasa),Singhbhum Craton Belt,Kolhan Group Conglomerate / Shale,22.57215,85.89868,488.7,1138.0,0.334,0.509,1.317,1.375,34.12,0.699,39.17,8360.0,8363.0,0.0,0.0,325165.0,0.6787,88.9,0.684,Medium
MN-IND-0568,Jharkhand,West Singhbhum (Chaibasa),Singhbhum Craton Belt,Kolhan Group Conglomerate / Shale,22.56734,85.75783,448.8,1147.6,0.364,0.497,1.429,1.456,31.65,0.808,38.91,20953.0,22236.0,0.0,0.0,326139.0,0.7337,85.8,0.823,Low
MN-IND-0569,Jharkhand,West Singhbhum (Chaibasa),Singhbhum Craton Belt,Kolhan Group Conglomerate / Shale,22.66293,85.82848,386.1,1282.2,0.371,0.496,1.437,1.184,31.7,0.737,37.99,40286.0,40054.0,232.0,0.58,352702.0,0.6872,90.6,0.834,Low
MN-IND-0570,Jharkhand,West Singhbhum (Chaibasa),Singhbhum Craton Belt,Kolhan Group Conglomerate / Shale,22.62217,85.74788,273.7,1402.6,0.244,0.367,1.46,1.263,33.33,0.756,36.7,16062.0,17243.0,0.0,0.0,365764.0,0.7265,88.8,0.806,Low
MN-IND-0571,Jharkhand,West Singhbhum (Chaibasa),Singhbhum Craton Belt,Kolhan Group Conglomerate / Shale,22.49921,85.75525,430.0,1054.5,0.337,0.399,1.461,1.086,33.53,0.513,35.42,13606.0,12703.0,903.0,6.64,329521.0,0.6226,79.5,0.679,Medium
MN-IND-0572,Jharkhand,West Singhbhum (Chaibasa),Singhbhum Craton Belt,Kolhan Group Conglomerate / Shale,22.5772,85.80409,354.5,1253.4,0.225,0.476,1.137,1.09,35.76,0.515,36.0,37243.0,38191.0,0.0,0.0,307385.0,0.577,82.6,0.863,Low
MN-IND-0573,Jharkhand,West Singhbhum (Chaibasa),Singhbhum Craton Belt,Kolhan Group Conglomerate / Shale,22.5715,85.79471,456.5,1326.6,0.377,0.423,1.242,1.265,30.89,0.755,40.16,11670.0,9987.0,1683.0,14.42,356685.0,0.6849,87.6,0.795,Medium
MN-IND-0574,Jharkhand,West Singhbhum (Chaibasa),Singhbhum Craton Belt,Kolhan Group Conglomerate / Shale,22.51844,85.69488,278.0,1199.6,0.273,0.417,1.409,1.367,32.8,0.67,36.22,39637.0,39784.0,0.0,0.0,339126.0,0.69,91.3,0.746,Low
MN-IND-0575,Jharkhand,West Singhbhum (Chaibasa),Singhbhum Craton Belt,Kolhan Group Conglomerate / Shale,22.5982,85.87433,290.8,1337.7,0.214,0.545,1.557,1.254,32.03,0.685,35.75,45383.0,43175.0,2208.0,4.87,349490.0,0.6834,83.9,0.725,Medium
MN-IND-0576,Jharkhand,West Singhbhum (Chaibasa),Singhbhum Craton Belt,Kolhan Group Conglomerate / Shale,22.60809,85.79838,352.3,1095.9,0.236,0.391,1.413,1.082,29.21,0.739,38.41,26331.0,26563.0,0.0,0.0,331096.0,0.6862,91.2,0.623,Medium
MN-IND-0577,Jharkhand,West Singhbhum (Chaibasa),Singhbhum Craton Belt,Kolhan Group Conglomerate / Shale,22.63872,85.80933,453.6,1116.7,0.305,0.316,1.507,1.402,31.72,0.875,39.18,29624.0,27688.0,1936.0,6.54,354522.0,0.7895,89.1,0.703,Medium
MN-IND-0578,Jharkhand,West Singhbhum (Chaibasa),Singhbhum Craton Belt,Kolhan Group Conglomerate / Shale,22.56404,85.87004,408.2,1043.7,0.328,0.511,1.682,1.278,30.0,0.909,38.35,19712.0,17712.0,2000.0,10.15,381734.0,0.7796,97.5,0.729,Medium
MN-IND-0579,Jharkhand,West Singhbhum (Chaibasa),Singhbhum Craton Belt,Kolhan Group Conglomerate / Shale,22.58522,85.73413,373.0,1392.8,0.289,0.46,1.317,1.212,31.65,0.793,34.92,43674.0,46570.0,0.0,0.0,329677.0,0.6995,93.9,0.909,Low
MN-IND-0580,Jharkhand,West Singhbhum (Chaibasa),Singhbhum Craton Belt,Kolhan Group Conglomerate / Shale,22.55461,85.78028,505.5,1207.4,0.368,0.477,1.498,1.42,32.03,0.679,42.82,39893.0,43453.0,0.0,0.0,349308.0,0.6978,82.9,0.904,Low
MN-IND-0581,Jharkhand,West Singhbhum (Chaibasa),Singhbhum Craton Belt,Kolhan Group Conglomerate / Shale,22.51688,85.72602,379.0,1030.3,0.265,0.373,1.265,1.479,33.21,0.76,37.11,24250.0,23455.0,795.0,3.28,362049.0,0.7204,91.4,0.756,Low
MN-IND-0582,Jharkhand,West Singhbhum (Chaibasa),Singhbhum Craton Belt,Kolhan Group Conglomerate / Shale,22.47828,85.8957,433.0,1169.5,0.303,0.368,1.497,1.326,34.06,0.835,41.76,22277.0,24360.0,0.0,0.0,348888.0,0.7657,95.8,0.892,Low
MN-IND-0583,Jharkhand,West Singhbhum (Chaibasa),Singhbhum Craton Belt,Kolhan Group Conglomerate / Shale,22.60484,85.84437,357.2,883.7,0.266,0.505,1.665,1.344,33.43,0.756,38.81,11696.0,10852.0,844.0,7.22,351165.0,0.7386,85.8,0.626,Medium
MN-IND-0584,Jharkhand,West Singhbhum (Chaibasa),Singhbhum Craton Belt,Kolhan Group Conglomerate / Shale,22.42518,85.94837,479.0,1391.6,0.298,0.461,1.406,1.247,32.07,0.748,37.25,23611.0,21991.0,1620.0,6.86,322125.0,0.6986,91.9,0.758,Low
MN-IND-0585,Jharkhand,West Singhbhum (Chaibasa),Singhbhum Craton Belt,Kolhan Group Conglomerate / Shale,22.59085,85.67126,473.4,1033.9,0.317,0.35,1.62,1.136,36.34,0.646,36.84,42774.0,45023.0,0.0,0.0,347244.0,0.7072,84.0,0.897,Low
MN-IND-0586,Jharkhand,West Singhbhum (Chaibasa),Singhbhum Craton Belt,Kolhan Group Conglomerate / Shale,22.56063,85.83852,423.5,1439.4,0.212,0.252,1.415,1.162,35.33,0.658,38.16,15667.0,15286.0,381.0,2.43,347654.0,0.7004,83.4,0.785,Low
MN-IND-0587,Jharkhand,West Singhbhum (Chaibasa),Singhbhum Craton Belt,Kolhan Group Conglomerate / Shale,22.54643,85.7689,261.0,1463.3,0.377,0.395,1.538,1.244,30.2,0.823,38.36,27074.0,26189.0,885.0,3.27,359696.0,0.7467,94.2,0.928,Low
MN-IND-0588,Jharkhand,West Singhbhum (Chaibasa),Singhbhum Craton Belt,Kolhan Group Conglomerate / Shale,22.49141,85.7274,428.2,1450.7,0.305,0.513,1.519,1.18,32.34,0.742,39.05,18296.0,18738.0,0.0,0.0,337637.0,0.698,82.2,0.77,Low
MN-IND-0589,Jharkhand,West Singhbhum (Chaibasa),Singhbhum Craton Belt,Kolhan Group Conglomerate / Shale,22.65357,85.78367,319.4,1146.7,0.35,0.412,1.643,1.451,30.68,0.825,38.41,47775.0,46744.0,1031.0,2.16,349891.0,0.7762,93.6,0.774,Low
MN-IND-0590,Jharkhand,West Singhbhum (Chaibasa),Singhbhum Craton Belt,Kolhan Group Conglomerate / Shale,22.58387,85.87549,541.3,1018.7,0.229,0.454,1.358,1.198,30.2,0.731,35.52,21045.0,21619.0,0.0,0.0,355372.0,0.6791,84.1,0.879,Low
MN-IND-0591,Jharkhand,West Singhbhum (Chaibasa),Singhbhum Craton Belt,Kolhan Group Conglomerate / Shale,22.62725,85.67667,336.8,1377.7,0.363,0.412,1.207,1.06,30.67,0.52,35.67,24818.0,24429.0,389.0,1.57,291590.0,0.5823,84.9,0.707,Medium
MN-IND-0592,Jharkhand,West Singhbhum (Chaibasa),Singhbhum Craton Belt,Kolhan Group Conglomerate / Shale,22.45555,85.71647,360.9,1378.1,0.362,0.429,1.55,1.266,34.51,0.827,40.24,42763.0,41197.0,1566.0,3.66,373821.0,0.7566,90.0,0.749,Low
